subscription_id,recent_usage,avg_usage,usage_trend
S-0027d3,4.0,11.0,0.3333333333333333
S-003647,12.0,8.875,1.2151898734177216
S-004d19,9.0,9.0,0.9
S-004eb4,7.0,10.0,0.6363636363636364
S-008cab,17.0,10.666666666666666,1.4571428571428573
S-009027,11.0,10.8,0.9322033898305084
S-00fb6e,8.0,11.4,0.6451612903225806
S-0144ac,10.0,7.5,1.1764705882352942
S-01daf5,16.0,11.333333333333334,1.2972972972972971
S-020222,5.0,9.4,0.4807692307692307
S-0206eb,7.0,9.285714285714286,0.6805555555555555
S-021297,10.0,10.5,0.8695652173913043
S-021ca9,14.0,10.0,1.2727272727272727
S-0267b7,8.0,9.8,0.7407407407407407
S-02a3aa,4.0,9.428571428571429,0.3835616438356164
S-02af5d,13.0,9.666666666666666,1.21875
S-02cde8,8.0,9.285714285714286,0.7777777777777777
S-02d6c8,5.0,10.8,0.423728813559322
S-03340d,28.0,11.375,2.2626262626262625
S-03a5b0,29.0,9.0,2.9
S-03ac49,8.0,9.0,0.8
S-03bfa3,10.0,9.833333333333334,0.923076923076923
S-041534,4.0,10.0,0.36363636363636365
S-04911c,16.0,10.75,1.3617021276595744
S-04ab7e,10.0,9.571428571428571,0.9459459459459459
S-0509b8,17.0,11.0,1.4166666666666667
S-05624a,7.0,9.571428571428571,0.6621621621621622
S-05b245,6.0,10.125,0.5393258426966292
S-0639f1,11.0,8.5,1.1578947368421053
S-067c38,10.0,9.5,0.9523809523809523
S-078c2b,7.0,9.333333333333334,0.6774193548387096
S-07aba0,11.0,12.0,0.8461538461538461
S-07c2c2,17.0,11.5,1.36
S-07ff57,9.0,9.714285714285714,0.8400000000000001
S-084f4a,13.0,9.5,1.2380952380952381
S-0896bc,10.0,9.75,0.9302325581395349
S-08a3d4,15.0,11.714285714285714,1.1797752808988764
S-08fc73,13.0,10.333333333333334,1.1470588235294117
S-0921a1,12.0,7.625,1.391304347826087
S-09223a,6.0,7.142857142857143,0.736842105263158
S-09251c,8.0,9.285714285714286,0.7777777777777777
S-096835,7.0,7.75,0.8
S-09c11e,10.0,9.571428571428571,0.9459459459459459
S-0a28cd,9.0,8.2,0.9782608695652175
S-0a6b6b,5.0,8.0,0.5555555555555556
S-0ab4e8,13.0,11.285714285714286,1.0581395348837208
S-0ab9fb,14.0,12.5,1.037037037037037
S-0aba5b,10.0,9.714285714285714,0.9333333333333333
S-0ada66,16.0,10.8,1.3559322033898304
S-0b2ac3,12.0,9.0,1.2
S-0b7eba,19.0,10.571428571428571,1.6419753086419753
S-0b831e,12.0,9.75,1.1162790697674418
S-0bb284,13.0,12.666666666666666,0.951219512195122
S-0bdbb3,13.0,10.0,1.1818181818181819
S-0bf451,12.0,9.444444444444445,1.1489361702127658
S-0c0691,9.0,9.25,0.8780487804878049
S-0c47cb,23.0,11.6,1.8253968253968254
S-0c56e1,8.0,8.857142857142858,0.8115942028985507
S-0c91c4,11.0,9.0,1.1
S-0d0202,5.0,10.0,0.45454545454545453
S-0d2fb8,12.0,13.5,0.8275862068965517
S-0d4d11,15.0,9.0,1.5
S-0d6ea4,15.0,11.0,1.25
S-0d8293,9.0,8.88888888888889,0.9101123595505618
S-0e0578,18.0,14.0,1.2
S-0e0ec8,14.0,9.333333333333334,1.3548387096774193
S-0e1d53,12.0,10.25,1.0666666666666667
S-0e9334,12.0,8.8,1.2244897959183672
S-0e9f04,14.0,10.125,1.2584269662921348
S-0eb2e0,15.0,10.833333333333334,1.2676056338028168
S-0eff34,14.0,9.272727272727273,1.3628318584070795
S-0f9910,10.0,9.4,0.9615384615384615
S-0fc73c,10.0,7.833333333333333,1.1320754716981134
S-0fc93f,13.0,14.6,0.8333333333333334
S-0ff1eb,8.0,8.2,0.8695652173913044
S-0ff481,7.0,9.333333333333334,0.6774193548387096
S-101401,13.0,10.0,1.1818181818181819
S-1053c9,10.0,9.11111111111111,0.989010989010989
S-10a1b5,5.0,9.375,0.4819277108433735
S-10bd09,11.0,10.5,0.9565217391304348
S-10fc7d,13.0,12.0,1.0
S-111683,11.0,11.0,0.9166666666666666
S-113e86,8.0,12.375,0.5981308411214953
S-11e29d,10.0,8.666666666666666,1.0344827586206897
S-138c41,15.0,12.714285714285714,1.09375
S-13939b,6.0,9.1,0.594059405940594
S-13b606,8.0,13.25,0.5614035087719298
S-13c8b6,9.0,9.0,0.9
S-140d3a,9.0,10.428571428571429,0.7875
S-147ad7,9.0,10.285714285714286,0.7974683544303797
S-148506,5.0,9.5,0.47619047619047616
S-149409,10.0,9.666666666666666,0.9375
S-14a95a,9.0,9.333333333333334,0.8709677419354839
S-14d060,8.0,8.5,0.8421052631578947
S-150c8e,12.0,11.0,1.0
S-151b22,9.0,9.25,0.8780487804878049
S-1526b7,8.0,9.5,0.7619047619047619
S-154918,11.0,10.0,1.0
S-15662a,9.0,7.333333333333333,1.08
S-15afd8,10.0,8.8,1.0204081632653061
S-15c444,12.0,11.0,1.0
S-15d2d2,16.0,10.285714285714286,1.4177215189873418
S-162441,11.0,10.6,0.9482758620689655
S-162e73,8.0,8.4,0.851063829787234
S-1630dd,13.0,9.666666666666666,1.21875
S-165850,13.0,11.25,1.0612244897959184
S-16a545,10.0,9.142857142857142,0.9859154929577465
S-16dfaf,4.0,6.0,0.5714285714285714
S-16f4a2,9.0,8.0,1.0
S-17f71d,14.0,10.444444444444445,1.2233009708737863
S-180859,10.0,10.0,0.9090909090909091
S-18356d,8.0,7.666666666666667,0.9230769230769229
S-1876fb,8.0,9.6,0.7547169811320755
S-188518,10.0,8.666666666666666,1.0344827586206897
S-18b1f9,14.0,9.166666666666666,1.3770491803278688
S-18b808,5.0,8.0,0.5555555555555556
S-18f7e5,8.0,9.5,0.7619047619047619
S-19029a,12.0,9.0,1.2
S-19950d,8.0,10.875,0.6736842105263158
S-19cb09,7.0,9.375,0.6746987951807228
S-19edee,9.0,9.166666666666666,0.8852459016393444
S-1a0f22,11.0,9.833333333333334,1.0153846153846153
S-1a93b8,8.0,10.333333333333334,0.7058823529411764
S-1a9fb7,18.0,14.0,1.2
S-1acdd2,9.0,8.363636363636363,0.9611650485436893
S-1ad9cb,10.0,10.571428571428571,0.8641975308641976
S-1bbdb1,8.0,11.666666666666666,0.6315789473684211
S-1bf697,9.0,11.0,0.75
S-1c45b4,15.0,15.0,0.9375
S-1cb993,6.0,7.75,0.6857142857142857
S-1ccdd4,6.0,10.0,0.5454545454545454
S-1cdd2c,10.0,10.6,0.8620689655172414
S-1cefc9,7.0,10.2,0.625
S-1cf9b0,11.0,11.333333333333334,0.8918918918918919
S-1d3a93,8.0,8.333333333333334,0.8571428571428571
S-1da72c,10.0,9.5,0.9523809523809523
S-1e5fd7,19.0,10.166666666666666,1.7014925373134329
S-1e83a6,7.0,7.0,0.875
S-1f0d7f,11.0,11.5,0.88
S-1f15a2,15.0,9.857142857142858,1.381578947368421
S-1f2b1a,10.0,10.090909090909092,0.901639344262295
S-1f5faf,12.0,9.428571428571429,1.1506849315068493
S-1f9da0,10.0,12.142857142857142,0.7608695652173914
S-1fd72a,16.0,13.0,1.1428571428571428
S-1ff580,9.0,11.25,0.7346938775510204
S-1ffdd8,10.0,11.5,0.8
S-20152a,9.0,10.0,0.8181818181818182
S-202695,8.0,13.2,0.5633802816901409
S-20d02a,6.0,9.857142857142858,0.5526315789473684
S-2126cd,7.0,8.2,0.7608695652173914
S-21393c,7.0,9.5,0.6666666666666666
S-21bd9b,10.0,9.857142857142858,0.9210526315789473
S-21f8b3,8.0,10.0,0.7272727272727273
S-2223bf,12.0,10.5,1.0434782608695652
S-22eb3c,7.0,8.0,0.7777777777777778
S-22f848,7.0,10.75,0.5957446808510638
S-23281c,13.0,11.625,1.0297029702970297
S-234115,8.0,8.0,0.8888888888888888
S-246942,10.0,11.0,0.8333333333333334
S-24a63d,12.0,8.6,1.25
S-24ae40,8.0,7.571428571428571,0.9333333333333333
S-2574a3,16.0,8.555555555555555,1.6744186046511629
S-25f647,7.0,9.666666666666666,0.65625
S-263c1e,9.0,12.0,0.6923076923076923
S-2661dc,14.0,12.0,1.0769230769230769
S-26836c,7.0,9.0,0.7
S-270a4e,6.0,9.0,0.6
S-270e94,6.0,8.6,0.625
S-276555,5.0,5.5,0.7692307692307693
S-27e42e,24.0,12.5,1.7777777777777777
S-27f7b2,26.0,10.0,2.3636363636363638
S-2877e6,18.0,8.428571428571429,1.909090909090909
S-287914,23.0,9.571428571428571,2.175675675675676
S-2923fc,9.0,10.875,0.7578947368421053
S-294fb2,11.0,11.285714285714286,0.8953488372093023
S-29b014,13.0,11.75,1.0196078431372548
S-29ccb8,9.0,9.666666666666666,0.84375
S-2a928c,13.0,10.428571428571429,1.1375
S-2aaa9c,7.0,9.125,0.691358024691358
S-2aadef,6.0,8.714285714285714,0.6176470588235294
S-2aec7e,16.0,8.5,1.6842105263157894
S-2b2fa8,11.0,11.125,0.9072164948453608
S-2bbf5c,22.0,9.0,2.2
S-2c091a,17.0,8.75,1.7435897435897436
S-2c270f,5.0,9.2,0.4901960784313726
S-2c53ad,22.0,9.428571428571429,2.1095890410958904
S-2c617b,11.0,9.75,1.0232558139534884
S-2c64e6,7.0,9.11111111111111,0.6923076923076923
S-2c9cea,11.0,8.0,1.2222222222222223
S-2d0c1f,10.0,10.0,0.9090909090909091
S-2daa17,9.0,10.333333333333334,0.7941176470588235
S-2dc98b,10.0,9.285714285714286,0.9722222222222221
S-2ddb46,6.0,9.0,0.6
S-2ded36,14.0,13.0,1.0
S-2e1ceb,8.0,10.777777777777779,0.6792452830188679
S-2e55e6,13.0,10.0,1.1818181818181819
S-2e84f2,15.0,10.333333333333334,1.3235294117647058
S-2ec763,15.0,9.8,1.3888888888888888
S-2f07f6,13.0,10.555555555555555,1.125
S-2ff0ab,10.0,8.0,1.1111111111111112
S-2ff628,13.0,11.0,1.0833333333333333
S-3037ab,10.0,9.4,0.9615384615384615
S-304f59,7.0,8.857142857142858,0.7101449275362318
S-30a9dd,8.0,9.2,0.7843137254901962
S-30bb47,10.0,10.0,0.9090909090909091
S-30e0c1,14.0,10.666666666666666,1.2
S-3223a2,10.0,7.6,1.1627906976744187
S-32ab86,7.0,7.75,0.8
S-32b223,12.0,14.333333333333334,0.7826086956521738
S-33200e,9.0,9.0,0.9
S-334ceb,19.0,9.2,1.8627450980392157
S-33598f,19.0,11.6,1.507936507936508
S-33deb8,10.0,11.545454545454545,0.7971014492753623
S-33e4e2,7.0,8.5,0.7368421052631579
S-3401bf,12.0,10.333333333333334,1.0588235294117647
S-343743,13.0,11.125,1.0721649484536082
S-343bab,6.0,5.666666666666667,0.8999999999999999
S-34553e,8.0,11.0,0.6666666666666666
S-3476e2,14.0,9.375,1.3493975903614457
S-34f2f9,9.0,12.375,0.6728971962616822
S-3503b4,9.0,8.857142857142858,0.9130434782608695
S-3503cb,9.0,11.285714285714286,0.7325581395348837
S-35a9b6,8.0,9.75,0.7441860465116279
S-35c8a3,6.0,8.25,0.6486486486486487
S-36b46e,12.0,8.6,1.25
S-36d5c9,9.0,10.75,0.7659574468085106
S-36f84f,8.0,10.0,0.7272727272727273
S-36f8c0,8.0,8.0,0.8888888888888888
S-374511,8.0,9.625,0.7529411764705882
S-37a280,6.0,8.75,0.6153846153846154
S-381420,10.0,8.333333333333334,1.0714285714285714
S-384681,11.0,10.0,1.0
S-38ac0c,6.0,9.166666666666666,0.5901639344262295
S-38bf32,7.0,9.75,0.6511627906976745
S-3909f9,12.0,8.142857142857142,1.3125
S-3947da,11.0,8.428571428571429,1.1666666666666667
S-39a5a7,8.0,8.5,0.8421052631578947
S-39c024,11.0,11.8,0.859375
S-3a3d0f,27.0,12.0,2.076923076923077
S-3a57be,34.0,11.625,2.6930693069306932
S-3a694d,7.0,7.5,0.8235294117647058
S-3a897f,7.0,9.666666666666666,0.65625
S-3abf3f,6.0,7.4,0.7142857142857143
S-3b7f8e,18.0,10.142857142857142,1.6153846153846154
S-3bdedd,14.0,10.166666666666666,1.2537313432835822
S-3c0121,9.0,9.5,0.8571428571428571
S-3c4cae,16.0,8.571428571428571,1.671641791044776
S-3c87b4,16.0,10.625,1.3763440860215055
S-3c9115,19.0,12.333333333333334,1.425
S-3ceff3,11.0,8.555555555555555,1.1511627906976745
S-3d46f8,8.0,7.75,0.9142857142857143
S-3d7bed,13.0,10.25,1.1555555555555554
S-3da8ee,23.0,9.857142857142858,2.1184210526315788
S-3df6ee,8.0,12.0,0.6153846153846154
S-3e0991,7.0,8.666666666666666,0.7241379310344828
S-3e24ed,10.0,10.0,0.9090909090909091
S-3e453b,10.0,11.25,0.8163265306122449
S-3eb56d,7.0,8.0,0.7777777777777778
S-3f1bb5,7.0,8.0,0.7777777777777778
S-400e62,9.0,11.5,0.72
S-40adae,14.0,10.0,1.2727272727272727
S-40d87e,12.0,11.090909090909092,0.9924812030075187
S-40dcf4,20.0,10.0,1.8181818181818181
S-41023c,11.0,11.4,0.8870967741935484
S-41d4ca,13.0,10.666666666666666,1.1142857142857143
S-4291f7,13.0,9.166666666666666,1.278688524590164
S-42d724,7.0,8.428571428571429,0.7424242424242424
S-42daaa,10.0,10.666666666666666,0.8571428571428572
S-4305f1,4.0,8.6,0.4166666666666667
S-43b137,11.0,9.5,1.0476190476190477
S-43c80c,7.0,9.5,0.6666666666666666
S-455183,9.0,11.0,0.75
S-456829,11.0,10.5,0.9565217391304348
S-45baa6,17.0,8.75,1.7435897435897436
S-45c47e,16.0,11.5,1.28
S-462bd2,12.0,10.666666666666666,1.0285714285714287
S-465825,3.0,9.0,0.3
S-4690b3,17.0,12.25,1.2830188679245282
S-47048b,13.0,10.0,1.1818181818181819
S-472fda,14.0,13.0,1.0
S-477317,8.0,10.75,0.6808510638297872
S-477506,9.0,10.333333333333334,0.7941176470588235
S-47e122,9.0,9.0,0.9
S-482e5b,8.0,11.0,0.6666666666666666
S-487d18,10.0,10.5,0.8695652173913043
S-495d33,11.0,8.555555555555555,1.1511627906976745
S-495e57,12.0,12.25,0.9056603773584906
S-49aa80,9.0,10.222222222222221,0.801980198019802
S-4a0cb3,9.0,10.333333333333334,0.7941176470588235
S-4a8ce0,11.0,10.875,0.9263157894736842
S-4b005c,11.0,8.5,1.1578947368421053
S-4b26c5,6.0,8.428571428571429,0.6363636363636364
S-4b9d7c,10.0,10.0,0.9090909090909091
S-4c8e19,7.0,8.8,0.7142857142857142
S-4cd678,9.0,9.0,0.9
S-4d5ab5,12.0,8.666666666666666,1.2413793103448276
S-4e4b10,6.0,7.4,0.7142857142857143
S-4e563b,8.0,9.0,0.8
S-4e63e7,10.0,9.5,0.9523809523809523
S-4ed997,5.0,10.375,0.43956043956043955
S-4f2ca8,9.0,11.714285714285714,0.7078651685393259
S-4f56f5,13.0,10.142857142857142,1.1666666666666667
S-4f7b91,12.0,10.076923076923077,1.0833333333333333
S-4f9730,7.0,8.75,0.717948717948718
S-4fdfa3,10.0,11.0,0.8333333333333334
S-50334b,12.0,10.75,1.0212765957446808
S-503afa,13.0,8.0,1.4444444444444444
S-506cbd,1.0,8.0,0.1111111111111111
S-50e9f3,11.0,9.25,1.0731707317073171
S-510009,11.0,8.75,1.1282051282051282
S-510999,21.0,10.0,1.9090909090909092
S-511e50,9.0,9.166666666666666,0.8852459016393444
S-5163bd,8.0,9.857142857142858,0.7368421052631579
S-519509,7.0,10.8,0.5932203389830508
S-51c0d1,8.0,8.333333333333334,0.8571428571428571
S-51f213,16.0,12.5,1.1851851851851851
S-52119f,6.0,9.333333333333334,0.5806451612903225
S-52385a,11.0,9.571428571428571,1.0405405405405406
S-52404a,10.0,11.0,0.8333333333333334
S-52699f,14.0,11.166666666666666,1.1506849315068495
S-5313fa,5.0,9.0,0.5
S-53b07a,11.0,10.0,1.0
S-54a3ed,15.0,10.333333333333334,1.3235294117647058
S-550202,14.0,10.6,1.206896551724138
S-5521f5,20.0,9.833333333333334,1.846153846153846
S-55a520,6.0,8.25,0.6486486486486487
S-55aa8a,16.0,10.666666666666666,1.3714285714285714
S-55d53c,10.0,11.857142857142858,0.7777777777777778
S-55db9e,12.0,12.0,0.9230769230769231
S-55ef07,9.0,10.6,0.7758620689655172
S-5631a9,15.0,10.833333333333334,1.2676056338028168
S-574b52,12.0,10.555555555555555,1.0384615384615385
S-57bdc2,9.0,11.4,0.7258064516129032
S-57f1a7,14.0,13.0,1.0
S-5818be,13.0,12.625,0.9541284403669725
S-592443,4.0,8.0,0.4444444444444444
S-592c0d,10.0,11.5,0.8
S-593787,11.0,9.571428571428571,1.0405405405405406
S-59edf9,17.0,9.375,1.6385542168674698
S-59f6b6,13.0,11.4,1.0483870967741935
S-5a37dc,23.0,9.4,2.2115384615384617
S-5a5bdb,10.0,9.0,1.0
S-5aa854,10.0,8.4,1.0638297872340425
S-5b322c,12.0,11.285714285714286,0.9767441860465116
S-5c2991,14.0,11.285714285714286,1.1395348837209303
S-5c4b5d,15.0,10.5,1.3043478260869565
S-5c4dd7,7.0,9.2,0.6862745098039216
S-5c631b,12.0,11.0,1.0
S-5ca0fe,10.0,10.166666666666666,0.8955223880597015
S-5cb87c,20.0,10.285714285714286,1.7721518987341771
S-5cba26,9.0,8.625,0.935064935064935
S-5cff9b,10.0,9.4,0.9615384615384615
S-5d5250,11.0,9.25,1.0731707317073171
S-5d5a8d,9.0,11.0,0.75
S-5ddf8d,10.0,11.5,0.8
S-5de583,8.0,11.666666666666666,0.6315789473684211
S-5e5ff0,9.0,11.25,0.7346938775510204
S-5ea66d,15.0,10.333333333333334,1.3235294117647058
S-5ed35a,9.0,10.8,0.7627118644067796
S-5ede24,6.0,10.285714285714286,0.5316455696202531
S-5eeb46,10.0,9.625,0.9411764705882353
S-5f2554,11.0,9.6,1.0377358490566038
S-5f4cc6,11.0,10.166666666666666,0.9850746268656717
S-5fb9ab,8.0,9.25,0.7804878048780488
S-5fffe8,6.0,9.857142857142858,0.5526315789473684
S-6015db,15.0,11.25,1.2244897959183674
S-601bbe,9.0,10.571428571428571,0.7777777777777778
S-601f31,14.0,9.0,1.4
S-6055d4,9.0,11.2,0.7377049180327869
S-606747,15.0,11.6,1.1904761904761905
S-606d6d,22.0,11.0,1.8333333333333333
S-60890c,15.0,8.25,1.6216216216216217
S-60b7c7,10.0,11.0,0.8333333333333334
S-60cb51,12.0,11.0,1.0
S-61797c,4.0,9.857142857142858,0.3684210526315789
S-61d573,20.0,9.166666666666666,1.9672131147540985
S-61efc1,4.0,10.0,0.36363636363636365
S-628729,9.0,7.75,1.0285714285714285
S-62b7cf,12.0,9.0,1.2
S-62f048,13.0,10.8,1.1016949152542372
S-62f5b1,14.0,11.25,1.1428571428571428
S-62fb8e,17.0,10.875,1.431578947368421
S-632bba,10.0,11.333333333333334,0.8108108108108107
S-639d60,12.0,8.285714285714286,1.2923076923076922
S-649bb6,9.0,10.0,0.8181818181818182
S-64acb8,14.0,9.166666666666666,1.3770491803278688
S-64bd69,9.0,9.25,0.8780487804878049
S-64d514,6.0,8.6,0.625
S-651c01,10.0,8.0,1.1111111111111112
S-6522e4,11.0,10.142857142857142,0.9871794871794872
S-65b963,11.0,10.75,0.9361702127659575
S-65ec6b,12.0,8.714285714285714,1.2352941176470589
S-6643a2,11.0,12.6,0.8088235294117647
S-66a834,11.0,11.166666666666666,0.904109589041096
S-66bae1,13.0,9.307692307692308,1.2611940298507462
S-66f0d0,8.0,9.88888888888889,0.7346938775510203
S-6709f4,4.0,7.166666666666667,0.48979591836734687
S-677801,15.0,9.285714285714286,1.4583333333333333
S-67965d,25.0,11.666666666666666,1.973684210526316
S-67c2c9,15.0,11.166666666666666,1.2328767123287672
S-684751,10.0,7.4,1.1904761904761905
S-684915,8.0,9.857142857142858,0.7368421052631579
S-689032,11.0,10.0,1.0
S-691d69,17.0,10.1,1.5315315315315317
S-699110,15.0,10.5,1.3043478260869565
S-69a807,9.0,9.875,0.8275862068965517
S-69b66d,6.0,9.333333333333334,0.5806451612903225
S-69fb37,6.0,7.5,0.7058823529411765
S-6a017c,7.0,11.166666666666666,0.5753424657534247
S-6a02fe,8.0,9.333333333333334,0.7741935483870968
S-6b7487,4.0,9.0,0.4
S-6b7aa4,10.0,11.666666666666666,0.7894736842105263
S-6b977f,12.0,11.428571428571429,0.9655172413793103
S-6b97b7,9.0,9.333333333333334,0.8709677419354839
S-6bb2c5,16.0,10.4,1.4035087719298245
S-6bbf29,7.0,9.0,0.7
S-6bc703,9.0,11.0,0.75
S-6bea24,6.0,8.5,0.631578947368421
S-6c4770,6.0,9.0,0.6
S-6c7bd8,9.0,9.833333333333334,0.8307692307692307
S-6ca5ab,11.0,8.8,1.1224489795918366
S-6cdfb7,24.0,11.666666666666666,1.8947368421052633
S-6ce794,14.0,10.333333333333334,1.2352941176470587
S-6d09f2,11.0,9.8,1.0185185185185184
S-6d6ab6,12.0,11.833333333333334,0.935064935064935
S-6da42f,7.0,9.0,0.7
S-6e177f,15.0,11.25,1.2244897959183674
S-6eeae1,5.0,9.0,0.5
S-6ef81d,7.0,7.5,0.8235294117647058
S-6f04a4,8.0,11.333333333333334,0.6486486486486486
S-709b46,10.0,11.25,0.8163265306122449
S-70c734,6.0,10.0,0.5454545454545454
S-712e04,25.0,10.0,2.272727272727273
S-718f18,10.0,10.166666666666666,0.8955223880597015
S-71fc3d,12.0,11.571428571428571,0.9545454545454546
S-722103,12.0,10.555555555555555,1.0384615384615385
S-72b4f2,12.0,11.0,1.0
S-737a28,10.0,10.0,0.9090909090909091
S-73d0eb,10.0,10.714285714285714,0.853658536585366
S-73fc8f,5.0,12.5,0.37037037037037035
S-741431,12.0,10.5,1.0434782608695652
S-74761f,23.0,10.6,1.9827586206896552
S-74d86d,5.0,7.428571428571429,0.5932203389830508
S-7501c9,11.0,9.0,1.1
S-7553fb,7.0,9.857142857142858,0.6447368421052632
S-76a214,13.0,11.666666666666666,1.0263157894736843
S-770d98,9.0,11.75,0.7058823529411765
S-7717d6,14.0,9.0,1.4
S-775a4f,11.0,10.166666666666666,0.9850746268656717
S-778307,9.0,9.0,0.9
S-778c7e,11.0,11.0,0.9166666666666666
S-77ca30,12.0,9.2,1.1764705882352942
S-7863b1,13.0,8.75,1.3333333333333333
S-7889d9,16.0,11.285714285714286,1.3023255813953487
S-78c894,8.0,8.5,0.8421052631578947
S-78f326,13.0,12.4,0.9701492537313433
S-78f738,8.0,10.714285714285714,0.6829268292682927
S-78ffdd,30.0,10.857142857142858,2.5301204819277108
S-7925f0,10.0,10.2,0.8928571428571429
S-79af01,24.0,12.571428571428571,1.768421052631579
S-79bb4c,17.0,13.5,1.1724137931034482
S-79c82e,14.0,9.777777777777779,1.2989690721649483
S-7a06fe,14.0,10.375,1.2307692307692308
S-7a1803,14.0,10.8,1.1864406779661016
S-7ab68f,21.0,12.285714285714286,1.5806451612903225
S-7b01d4,5.0,6.0,0.7142857142857143
S-7ba2ad,16.0,9.0,1.6
S-7bd2d7,22.0,9.75,2.046511627906977
S-7c24f6,14.0,10.875,1.1789473684210525
S-7c47af,9.0,9.875,0.8275862068965517
S-7c81dd,14.0,11.25,1.1428571428571428
S-7d43e0,5.0,8.0,0.5555555555555556
S-7d8dde,9.0,8.6,0.9375
S-7de656,10.0,10.6,0.8620689655172414
S-7e7a73,7.0,11.571428571428571,0.5568181818181819
S-7e8699,13.0,11.0,1.0833333333333333
S-7e86a2,13.0,10.333333333333334,1.1470588235294117
S-7ea264,7.0,7.0,0.875
S-7f7e38,11.0,8.0,1.2222222222222223
S-7f8cd8,9.0,9.375,0.8674698795180723
S-804965,5.0,9.0,0.5
S-8055fa,12.0,9.2,1.1764705882352942
S-806d7b,7.0,10.2,0.625
S-807f28,21.0,9.5,2.0
S-808668,12.0,10.8,1.0169491525423728
S-812d97,12.0,8.75,1.2307692307692308
S-817e4b,4.0,9.11111111111111,0.39560439560439564
S-81d63a,11.0,10.0,1.0
S-82348a,7.0,10.857142857142858,0.5903614457831325
S-826424,12.0,7.0,1.5
S-82c91a,9.0,8.8,0.9183673469387754
S-82df6c,6.0,11.125,0.4948453608247423
S-83c56d,5.0,5.0,0.8333333333333334
S-83ee75,4.0,5.5,0.6153846153846154
S-858aa0,9.0,7.833333333333333,1.018867924528302
S-85c06f,17.0,10.0,1.5454545454545454
S-85caaf,18.0,11.6,1.4285714285714286
S-863c87,8.0,8.222222222222221,0.8674698795180724
S-86615c,13.0,12.666666666666666,0.951219512195122
S-866608,13.0,9.75,1.2093023255813953
S-86673a,5.0,9.125,0.49382716049382713
S-86c28f,8.0,10.333333333333334,0.7058823529411764
S-86fd71,12.0,11.0,1.0
S-871e83,7.0,11.714285714285714,0.550561797752809
S-87b9f7,11.0,12.5,0.8148148148148148
S-885aa7,7.0,10.857142857142858,0.5903614457831325
S-88d746,10.0,9.4,0.9615384615384615
S-896e2f,12.0,10.5,1.0434782608695652
S-897d69,13.0,12.0,1.0
S-89d586,7.0,8.25,0.7567567567567568
S-8a37c8,27.0,11.142857142857142,2.223529411764706
S-8a9db8,11.0,9.0,1.1
S-8ae507,6.0,9.444444444444445,0.5744680851063829
S-8b1b5a,14.0,10.333333333333334,1.2352941176470587
S-8b345c,11.0,9.8,1.0185185185185184
S-8b486a,9.0,10.0,0.8181818181818182
S-8b721c,13.0,10.285714285714286,1.1518987341772151
S-8b9deb,23.0,10.727272727272727,1.9612403100775195
S-8bc290,7.0,9.166666666666666,0.6885245901639344
S-8bf576,11.0,12.333333333333334,0.825
S-8ca9f0,17.0,11.88888888888889,1.3189655172413792
S-8cfa7f,7.0,8.666666666666666,0.7241379310344828
S-8d4b81,5.0,9.0,0.5
S-8dfd77,13.0,10.833333333333334,1.0985915492957745
S-8e3b74,13.0,11.25,1.0612244897959184
S-8e6903,6.0,10.142857142857142,0.5384615384615384
S-8e719f,14.0,10.142857142857142,1.2564102564102564
S-8eae4e,12.0,10.0,1.0909090909090908
S-8eb6df,10.0,9.0,1.0
S-8ebe58,19.0,10.5,1.6521739130434783
S-8ed77f,13.0,9.555555555555555,1.231578947368421
S-8faa60,9.0,8.8,0.9183673469387754
S-8fbabd,13.0,9.714285714285714,1.2133333333333334
S-8fd62c,22.0,12.142857142857142,1.673913043478261
S-904529,8.0,10.4,0.7017543859649122
S-90c2a9,10.0,10.0,0.9090909090909091
S-9122a4,14.0,8.142857142857142,1.53125
S-929a7c,6.0,8.833333333333334,0.6101694915254237
S-92afb8,13.0,11.090909090909092,1.075187969924812
S-92d873,9.0,8.75,0.9230769230769231
S-9395a2,10.0,10.0,0.9090909090909091
S-93cf65,8.0,8.5,0.8421052631578947
S-942caf,12.0,10.545454545454545,1.0393700787401576
S-9488ec,10.0,10.11111111111111,0.9
S-94fa70,10.0,10.142857142857142,0.8974358974358975
S-951053,10.0,9.166666666666666,0.9836065573770493
S-956036,9.0,11.0,0.75
S-95aaf8,4.0,9.0,0.4
S-96383d,7.0,9.0,0.7
S-969f4c,6.0,7.5,0.7058823529411765
S-96ead2,11.0,9.833333333333334,1.0153846153846153
S-96fb48,11.0,8.8,1.1224489795918366
S-97a010,14.0,10.0,1.2727272727272727
S-97df3f,17.0,10.4,1.4912280701754386
S-984f8b,11.0,9.857142857142858,1.013157894736842
S-987539,8.0,10.75,0.6808510638297872
S-9925b9,14.0,11.142857142857142,1.1529411764705884
S-99271f,18.0,9.833333333333334,1.6615384615384614
S-992c2a,5.0,10.375,0.43956043956043955
S-99a404,10.0,11.333333333333334,0.8108108108108107
S-99aaa4,6.0,9.2,0.5882352941176471
S-99fbf7,6.0,9.285714285714286,0.5833333333333333
S-9a065e,8.0,8.0,0.8888888888888888
S-9a3e85,12.0,9.333333333333334,1.161290322580645
S-9a8d01,13.0,13.0,0.9285714285714286
S-9a8f71,7.0,9.428571428571429,0.6712328767123288
S-9aa190,11.0,10.0,1.0
S-9b08ae,9.0,8.25,0.972972972972973
S-9b493e,20.0,10.142857142857142,1.794871794871795
S-9b5676,7.0,8.2,0.7608695652173914
S-9b5be4,10.0,9.833333333333334,0.923076923076923
S-9b8421,11.0,10.833333333333334,0.9295774647887324
S-9bf1a0,18.0,10.0,1.6363636363636365
S-9c2b8e,10.0,7.25,1.2121212121212122
S-9c414f,16.0,11.0,1.3333333333333333
S-9c4bcd,19.0,10.75,1.6170212765957446
S-9c6bd0,13.0,11.333333333333334,1.054054054054054
S-9cfabf,16.0,8.666666666666666,1.6551724137931036
S-9d35cf,11.0,11.333333333333334,0.8918918918918919
S-9d505c,6.0,9.5,0.5714285714285714
S-9d7fa9,10.0,9.25,0.975609756097561
S-9d8525,9.0,11.75,0.7058823529411765
S-9eb13e,6.0,7.0,0.75
S-9f123c,13.0,11.0,1.0833333333333333
S-9f38a5,7.0,8.0,0.7777777777777778
S-9f8593,8.0,10.857142857142858,0.6746987951807228
S-a02981,4.0,8.0,0.4444444444444444
S-a04ba5,7.0,9.11111111111111,0.6923076923076923
S-a04ec4,14.0,10.5,1.2173913043478262
S-a06b03,13.0,15.0,0.8125
S-a09e70,11.0,11.11111111111111,0.908256880733945
S-a0f5ac,14.0,11.5,1.12
S-a1426b,3.0,7.0,0.375
S-a1901c,10.0,9.5,0.9523809523809523
S-a24476,10.0,9.75,0.9302325581395349
S-a2ee32,14.0,12.333333333333334,1.05
S-a3300f,13.0,9.909090909090908,1.1916666666666667
S-a36a36,15.0,8.625,1.5584415584415585
S-a3a1c1,13.0,10.4,1.1403508771929824
S-a3b329,12.0,10.571428571428571,1.037037037037037
S-a408fe,11.0,11.285714285714286,0.8953488372093023
S-a50803,12.0,11.666666666666666,0.9473684210526316
S-a54f87,11.0,9.4,1.0576923076923077
S-a575f5,9.0,11.4,0.7258064516129032
S-a648e7,9.0,9.0,0.9
S-a66766,12.0,8.333333333333334,1.2857142857142856
S-a67e83,13.0,8.666666666666666,1.3448275862068966
S-a68b52,12.0,10.166666666666666,1.0746268656716418
S-a6e444,13.0,10.272727272727273,1.1532258064516128
S-a707da,7.0,9.666666666666666,0.65625
S-a70baa,9.0,9.75,0.8372093023255814
S-a79d1f,13.0,9.875,1.1954022988505748
S-a7a9c3,6.0,11.25,0.4897959183673469
S-a7d379,10.0,12.5,0.7407407407407407
S-a80511,6.0,9.714285714285714,0.56
S-a80c62,12.0,11.0,1.0
S-a83bc2,8.0,8.75,0.8205128205128205
S-a87ff6,6.0,10.25,0.5333333333333333
S-a892fd,10.0,11.0,0.8333333333333334
S-a916cb,8.0,9.714285714285714,0.7466666666666667
S-a94f54,12.0,11.375,0.9696969696969697
S-a9a5a1,6.0,6.0,0.8571428571428571
S-a9a707,10.0,11.25,0.8163265306122449
S-a9b904,10.0,9.666666666666666,0.9375
S-a9ec8b,11.0,10.75,0.9361702127659575
S-aa3dd4,5.0,8.75,0.5128205128205128
S-aa7247,21.0,9.2,2.058823529411765
S-aa78ed,3.0,10.0,0.2727272727272727
S-aaaa83,6.0,8.8,0.6122448979591836
S-aaeb34,4.0,9.428571428571429,0.3835616438356164
S-ab63e3,31.0,12.666666666666666,2.2682926829268295
S-abddce,7.0,10.285714285714286,0.620253164556962
S-ac01fb,8.0,9.6,0.7547169811320755
S-ac2157,6.0,10.25,0.5333333333333333
S-ac4799,8.0,8.166666666666666,0.8727272727272728
S-ad02b5,11.0,9.666666666666666,1.03125
S-ad31b0,16.0,11.5,1.28
S-ad5d94,9.0,10.666666666666666,0.7714285714285715
S-ad7716,7.0,8.833333333333334,0.711864406779661
S-ae9ce7,13.0,8.8,1.3265306122448979
S-aef0c5,13.0,10.666666666666666,1.1142857142857143
S-aef80b,5.0,10.75,0.425531914893617
S-af5a51,13.0,11.333333333333334,1.054054054054054
S-af6974,13.0,11.166666666666666,1.0684931506849316
S-af854c,7.0,12.857142857142858,0.5051546391752577
S-afed2d,15.0,11.666666666666666,1.1842105263157896
S-b01b1c,15.0,7.714285714285714,1.7213114754098358
S-b03125,14.0,10.818181818181818,1.1846153846153846
S-b042d9,12.0,9.545454545454545,1.1379310344827587
S-b11225,7.0,10.0,0.6363636363636364
S-b120fb,8.0,10.714285714285714,0.6829268292682927
S-b12284,10.0,10.166666666666666,0.8955223880597015
S-b152d6,10.0,7.5,1.1764705882352942
S-b1d153,9.0,10.5,0.782608695652174
S-b2238e,8.0,7.2,0.9756097560975611
S-b250cc,11.0,10.75,0.9361702127659575
S-b32512,10.0,9.666666666666666,0.9375
S-b38152,19.0,7.5,2.235294117647059
S-b3c4b8,10.0,9.25,0.975609756097561
S-b420be,6.0,9.857142857142858,0.5526315789473684
S-b4212b,22.0,9.25,2.1463414634146343
S-b48787,5.0,9.0,0.5
S-b488bc,10.0,10.5,0.8695652173913043
S-b49c0a,8.0,9.0,0.8
S-b4b400,7.0,11.428571428571429,0.5632183908045977
S-b4d224,12.0,14.0,0.8
S-b51d34,6.0,7.857142857142857,0.6774193548387096
S-b5643b,9.0,8.285714285714286,0.9692307692307691
S-b5d3cc,10.0,8.571428571428571,1.0447761194029852
S-b633be,16.0,10.6,1.3793103448275863
S-b63db8,10.0,8.8,1.0204081632653061
S-b6793d,9.0,8.8,0.9183673469387754
S-b6d200,3.0,7.75,0.34285714285714286
S-b6e44c,19.0,9.833333333333334,1.7538461538461538
S-b71b3a,13.0,9.75,1.2093023255813953
S-b72911,12.0,10.0,1.0909090909090908
S-b73fdf,9.0,9.75,0.8372093023255814
S-b8097b,18.0,9.5,1.7142857142857142
S-b834a9,10.0,11.2,0.819672131147541
S-b83d8d,12.0,9.0,1.2
S-b84a07,18.0,12.166666666666666,1.3670886075949367
S-b89305,8.0,11.142857142857142,0.6588235294117647
S-b8caad,10.0,10.142857142857142,0.8974358974358975
S-b8d2f6,13.0,8.6,1.3541666666666667
S-b95c5c,4.0,7.6,0.46511627906976744
S-b991d2,7.0,9.0,0.7
S-b9c635,13.0,8.2,1.4130434782608696
S-b9fe85,10.0,10.0,0.9090909090909091
S-bafe35,9.0,11.625,0.7128712871287128
S-bb1cf1,5.0,8.0,0.5555555555555556
S-bb47b9,13.0,9.2,1.2745098039215688
S-bb84b1,11.0,9.333333333333334,1.064516129032258
S-bba658,12.0,12.166666666666666,0.9113924050632912
S-bbafad,7.0,10.5,0.6086956521739131
S-bbff6f,14.0,12.2,1.0606060606060606
S-bc2633,25.0,10.666666666666666,2.142857142857143
S-bc5755,8.0,11.25,0.6530612244897959
S-bdac36,8.0,10.1,0.7207207207207208
S-be42e1,10.0,11.625,0.7920792079207921
S-be86e3,10.0,10.142857142857142,0.8974358974358975
S-beaa35,10.0,9.8,0.9259259259259258
S-beff12,4.0,7.5,0.47058823529411764
S-bf3403,14.0,10.0,1.2727272727272727
S-bf39f7,8.0,12.0,0.6153846153846154
S-bff8c5,29.0,9.666666666666666,2.71875
S-c005ac,11.0,10.166666666666666,0.9850746268656717
S-c0352b,11.0,8.6,1.1458333333333335
S-c08805,8.0,11.5,0.64
S-c0e639,10.0,10.25,0.8888888888888888
S-c1056f,11.0,8.333333333333334,1.1785714285714286
S-c10f0c,10.0,8.6,1.0416666666666667
S-c1eb68,32.0,14.2,2.1052631578947367
S-c1f8e1,10.0,10.0,0.9090909090909091
S-c23126,10.0,8.166666666666666,1.090909090909091
S-c25d2f,7.0,10.5,0.6086956521739131
S-c25e9d,11.0,9.571428571428571,1.0405405405405406
S-c2701b,13.0,13.666666666666666,0.8863636363636364
S-c2b710,4.0,10.25,0.35555555555555557
S-c2c321,12.0,10.714285714285714,1.024390243902439
S-c2eeba,9.0,11.125,0.7422680412371134
S-c2f293,10.0,10.5,0.8695652173913043
S-c317f9,11.0,9.9,1.0091743119266054
S-c35f78,15.0,10.857142857142858,1.2650602409638554
S-c38acd,14.0,11.6,1.1111111111111112
S-c3bf1d,20.0,8.222222222222221,2.168674698795181
S-c3cb12,11.0,9.666666666666666,1.03125
S-c41762,8.0,11.8,0.625
S-c41b43,8.0,9.75,0.7441860465116279
S-c455ec,9.0,11.0,0.75
S-c4aa5f,12.0,9.142857142857142,1.1830985915492958
S-c508b3,7.0,6.5,0.9333333333333333
S-c51ab8,11.0,9.333333333333334,1.064516129032258
S-c545c8,5.0,9.6,0.4716981132075472
S-c59b3b,14.0,13.0,1.0
S-c62428,11.0,11.0,0.9166666666666666
S-c63e51,8.0,8.5,0.8421052631578947
S-c64e87,12.0,9.6,1.1320754716981132
S-c75159,12.0,8.11111111111111,1.3170731707317074
S-c787e2,7.0,10.5,0.6086956521739131
S-c7f25a,4.0,9.833333333333334,0.3692307692307692
S-c85167,13.0,11.25,1.0612244897959184
S-c86492,10.0,10.428571428571429,0.875
S-c899a3,16.0,10.2,1.4285714285714286
S-c89bff,4.0,10.0,0.36363636363636365
S-c97464,11.0,12.375,0.822429906542056
S-c9a968,13.0,13.0,0.9285714285714286
S-ca0c98,11.0,10.6,0.9482758620689655
S-ca0eb1,11.0,9.4,1.0576923076923077
S-ca321d,11.0,9.75,1.0232558139534884
S-cb38be,11.0,10.0,1.0
S-cbf8e8,5.0,10.5,0.43478260869565216
S-cc30c5,16.0,11.5,1.28
S-cc771c,14.0,10.0,1.2727272727272727
S-cc80ee,7.0,8.875,0.7088607594936709
S-cd0f21,9.0,10.0,0.8181818181818182
S-cd3a01,12.0,11.5,0.96
S-cd4d67,13.0,10.777777777777779,1.1037735849056602
S-cd4dcd,12.0,10.0,1.0909090909090908
S-cd6bb6,20.0,10.222222222222221,1.7821782178217822
S-cd6d68,14.0,11.5,1.12
S-cd79c0,11.0,10.333333333333334,0.9705882352941176
S-cd8a6a,9.0,9.0,0.9
S-cdcf4a,11.0,11.88888888888889,0.853448275862069
S-ce5450,6.0,10.0,0.5454545454545454
S-ce9977,8.0,8.833333333333334,0.8135593220338982
S-ceb9bd,14.0,11.5,1.12
S-cf2b4a,17.0,7.714285714285714,1.9508196721311473
S-d0259a,6.0,9.75,0.5581395348837209
S-d041d2,11.0,9.5,1.0476190476190477
S-d073bb,14.0,10.0,1.2727272727272727
S-d0c344,18.0,8.375,1.92
S-d18856,11.0,10.666666666666666,0.942857142857143
S-d1aacf,11.0,11.0,0.9166666666666666
S-d1f7ad,18.0,10.5,1.565217391304348
S-d22ebe,7.0,11.666666666666666,0.5526315789473685
S-d2863b,9.0,10.666666666666666,0.7714285714285715
S-d2b5db,11.0,10.333333333333334,0.9705882352941176
S-d2d423,11.0,11.375,0.8888888888888888
S-d30894,9.0,12.5,0.6666666666666666
S-d31de5,6.0,10.285714285714286,0.5316455696202531
S-d3e724,9.0,7.666666666666667,1.0384615384615383
S-d3efa2,28.0,10.3,2.47787610619469
S-d425c9,11.0,11.75,0.8627450980392157
S-d44108,5.0,9.4,0.4807692307692307
S-d471c6,8.0,8.25,0.8648648648648649
S-d4cc9b,16.0,8.0,1.7777777777777777
S-d538f6,9.0,9.428571428571429,0.863013698630137
S-d54349,12.0,11.833333333333334,0.935064935064935
S-d56a2c,10.0,10.0,0.9090909090909091
S-d5a07a,8.0,10.5,0.6956521739130435
S-d5c6cc,18.0,7.333333333333333,2.16
S-d5eae3,5.0,10.857142857142858,0.4216867469879518
S-d6106b,8.0,11.25,0.6530612244897959
S-d64e41,7.0,12.2,0.5303030303030303
S-d66d63,14.0,11.0,1.1666666666666667
S-d6d433,6.0,7.4,0.7142857142857143
S-d71fe9,20.0,11.8,1.5625
S-d7ee6f,11.0,13.5,0.7586206896551724
S-d81959,7.0,10.2,0.625
S-d841e4,15.0,11.2,1.2295081967213115
S-d859b7,9.0,10.8,0.7627118644067796
S-d914d8,14.0,9.0,1.4
S-d91908,7.0,6.5,0.9333333333333333
S-d91f4c,10.0,10.0,0.9090909090909091
S-d92159,13.0,12.75,0.9454545454545454
S-d959d3,12.0,10.75,1.0212765957446808
S-d9659f,23.0,9.571428571428571,2.175675675675676
S-d9d52b,9.0,9.0,0.9
S-d9f26e,10.0,12.5,0.7407407407407407
S-da0b9b,18.0,11.2,1.4754098360655739
S-da198f,8.0,9.7,0.7476635514018692
S-da3b68,11.0,11.125,0.9072164948453608
S-da8d5f,16.0,10.0,1.4545454545454546
S-dab0d8,14.0,8.666666666666666,1.4482758620689655
S-db3e30,14.0,9.333333333333334,1.3548387096774193
S-db7c1d,10.0,9.666666666666666,0.9375
S-dc1c10,20.0,11.0,1.6666666666666667
S-dc3e11,10.0,9.5,0.9523809523809523
S-dc6dfd,6.0,8.25,0.6486486486486487
S-dc8c2f,7.0,11.142857142857142,0.5764705882352942
S-dd5a4c,9.0,12.0,0.6923076923076923
S-dd80e4,7.0,11.0,0.5833333333333334
S-dd8371,19.0,9.25,1.853658536585366
S-ddad91,8.0,12.714285714285714,0.5833333333333334
S-de7a48,7.0,8.142857142857142,0.765625
S-de9b4b,8.0,10.333333333333334,0.7058823529411764
S-de9e50,20.0,10.375,1.7582417582417582
S-df5924,20.0,10.818181818181818,1.6923076923076923
S-dfa4c8,10.0,11.444444444444445,0.8035714285714286
S-dfaf24,8.0,9.8,0.7407407407407407
S-dfbd79,7.0,7.166666666666667,0.857142857142857
S-e0075b,8.0,10.0,0.7272727272727273
S-e093a9,9.0,8.6,0.9375
S-e0a4c5,26.0,10.6,2.241379310344828
S-e0f238,11.0,9.428571428571429,1.0547945205479452
S-e133a5,12.0,11.0,1.0
S-e14e00,9.0,9.857142857142858,0.8289473684210525
S-e162d0,6.0,10.0,0.5454545454545454
S-e27a20,8.0,9.833333333333334,0.7384615384615384
S-e2e052,11.0,10.5,0.9565217391304348
S-e2f1fd,7.0,10.0,0.6363636363636364
S-e32b34,18.0,10.625,1.5483870967741935
S-e32bf8,11.0,10.8,0.9322033898305084
S-e339fb,9.0,12.0,0.6923076923076923
S-e36786,22.0,10.0,2.0
S-e3a257,6.0,6.0,0.8571428571428571
S-e477e9,24.0,11.0,2.0
S-e4cb85,9.0,10.571428571428571,0.7777777777777778
S-e505c1,10.0,11.714285714285714,0.7865168539325843
S-e57fb8,8.0,7.2,0.9756097560975611
S-e66253,10.0,9.25,0.975609756097561
S-e6c900,17.0,9.0,1.7
S-e73cdf,9.0,10.0,0.8181818181818182
S-e746d2,26.0,12.0,2.0
S-e7e4bd,28.0,8.76923076923077,2.8661417322834644
S-e7f571,13.0,9.25,1.2682926829268293
S-e81358,3.0,9.333333333333334,0.29032258064516125
S-e854de,10.0,11.0,0.8333333333333334
S-e912e6,9.0,9.4,0.8653846153846153
S-e958ba,10.0,10.666666666666666,0.8571428571428572
S-e97b9f,16.0,7.5,1.8823529411764706
S-e98d6b,8.0,10.6,0.6896551724137931
S-e9e03c,27.0,10.6,2.3275862068965516
S-ea66df,13.0,11.333333333333334,1.054054054054054
S-eaa2c2,12.0,10.2,1.0714285714285714
S-eabe72,7.0,9.333333333333334,0.6774193548387096
S-eb15a1,13.0,13.0,0.9285714285714286
S-eb23dd,25.0,9.375,2.4096385542168677
S-eb4b0a,10.0,9.833333333333334,0.923076923076923
S-eb84b1,7.0,8.666666666666666,0.7241379310344828
S-ebbda6,5.0,9.2,0.4901960784313726
S-ec56f3,11.0,10.0,1.0
S-ec7c12,8.0,8.0,0.8888888888888888
S-ed75af,13.0,10.083333333333334,1.1729323308270676
S-ed9451,11.0,11.0,0.9166666666666666
S-edc542,6.0,9.0,0.6
S-ee956d,11.0,9.333333333333334,1.064516129032258
S-eef0cd,7.0,9.125,0.691358024691358
S-ef00f5,5.0,7.833333333333333,0.5660377358490567
S-ef2a21,6.0,9.2,0.5882352941176471
S-efe3f6,16.0,7.666666666666667,1.8461538461538458
S-f0081e,10.0,10.75,0.851063829787234
S-f030d4,9.0,9.666666666666666,0.84375
S-f039f9,9.0,10.4,0.7894736842105263
S-f0972b,22.0,9.285714285714286,2.138888888888889
S-f0a2e5,8.0,9.8,0.7407407407407407
S-f0c3f6,12.0,11.75,0.9411764705882353
S-f0d2fd,3.0,9.2,0.29411764705882354
S-f0fe0a,11.0,11.833333333333334,0.8571428571428571
S-f14c84,14.0,10.125,1.2584269662921348
S-f15008,14.0,12.5,1.037037037037037
S-f1778c,13.0,10.714285714285714,1.1097560975609757
S-f1826f,12.0,10.666666666666666,1.0285714285714287
S-f1aa04,6.0,8.5,0.631578947368421
S-f1ffee,7.0,11.0,0.5833333333333334
S-f24609,10.0,11.571428571428571,0.7954545454545455
S-f29e7f,8.0,9.857142857142858,0.7368421052631579
S-f2be88,12.0,13.0,0.8571428571428571
S-f2e134,11.0,8.571428571428571,1.1492537313432836
S-f32440,11.0,10.2,0.9821428571428572
S-f33b5f,5.0,10.333333333333334,0.4411764705882353
S-f36371,13.0,9.0,1.3
S-f3ff06,14.0,7.5,1.6470588235294117
S-f40318,10.0,9.5,0.9523809523809523
S-f421c8,8.0,8.181818181818182,0.8712871287128713
S-f42cc4,11.0,10.571428571428571,0.9506172839506173
S-f463d3,15.0,10.142857142857142,1.3461538461538463
S-f4a92a,13.0,8.5,1.368421052631579
S-f4b648,13.0,10.333333333333334,1.1470588235294117
S-f4db1d,14.0,11.0,1.1666666666666667
S-f4dc54,6.0,9.75,0.5581395348837209
S-f5efe4,9.0,10.333333333333334,0.7941176470588235
S-f5f5b3,8.0,10.0,0.7272727272727273
S-f6f1e1,9.0,10.0,0.8181818181818182
S-f7234f,7.0,10.666666666666666,0.6
S-f80ef5,14.0,9.666666666666666,1.3125
S-f81687,13.0,9.285714285714286,1.2638888888888888
S-f83141,9.0,11.5,0.72
S-f8357e,9.0,10.375,0.7912087912087912
S-f89d8c,10.0,9.9,0.9174311926605504
S-f8d74d,12.0,11.2,0.9836065573770493
S-f971ab,27.0,10.0,2.4545454545454546
S-f9b1d0,12.0,9.0,1.2
S-f9cb96,16.0,12.0,1.2307692307692308
S-f9df40,8.0,6.666666666666667,1.0434782608695652
S-f9e2ca,13.0,10.333333333333334,1.1470588235294117
S-f9ec8f,10.0,9.142857142857142,0.9859154929577465
S-fa0094,8.0,9.571428571428571,0.7567567567567568
S-fa0d9e,18.0,8.666666666666666,1.8620689655172415
S-fa7c1a,6.0,8.333333333333334,0.6428571428571428
S-fa92c5,13.0,10.75,1.1063829787234043
S-fbbd54,12.0,11.333333333333334,0.9729729729729729
S-fbee8e,7.0,9.857142857142858,0.6447368421052632
S-fc8f09,11.0,9.666666666666666,1.03125
S-fc9cc3,10.0,9.666666666666666,0.9375
S-fcbd92,11.0,9.777777777777779,1.0206185567010309
S-fcc241,2.0,9.4,0.1923076923076923
S-fcd20b,13.0,9.0,1.3
S-fdb8f1,15.0,10.75,1.2765957446808511
S-fe0bc0,6.0,7.5,0.7058823529411765
S-fe910d,6.0,7.857142857142857,0.6774193548387096
S-fedcd9,13.0,11.4,1.0483870967741935
S-fef8bf,7.0,11.0,0.5833333333333334
S-ff1b11,9.0,10.333333333333334,0.7941176470588235
S-ffb6cc,11.0,9.0,1.1
S-fffeb8,6.0,9.6,0.5660377358490566
S-001561,0.0,9.6,0.0
S-003fc0,0.0,10.75,0.0
S-006908,0.0,13.0,0.0
S-006fed,0.0,10.4,0.0
S-007e2c,0.0,9.8,0.0
S-00837c,0.0,11.25,0.0
S-00866d,0.0,12.333333333333334,0.0
S-008f3c,0.0,6.0,0.0
S-00ab51,0.0,12.25,0.0
S-00b0bc,0.0,4.0,0.0
S-00bb84,0.0,10.125,0.0
S-00dea4,0.0,12.6,0.0
S-00f31d,0.0,8.0,0.0
S-00fcc5,0.0,12.714285714285714,0.0
S-012ab9,0.0,9.142857142857142,0.0
S-012b26,0.0,10.333333333333334,0.0
S-013f5c,0.0,10.777777777777779,0.0
S-0146f6,0.0,8.666666666666666,0.0
S-016b5f,0.0,9.2,0.0
S-017e33,0.0,8.714285714285714,0.0
S-018501,0.0,10.333333333333334,0.0
S-0185ce,0.0,15.666666666666666,0.0
S-01990c,0.0,3.0,0.0
S-01ae7f,0.0,10.0,0.0
S-01afa4,0.0,11.0,0.0
S-01b2dc,0.0,8.428571428571429,0.0
S-01bbfe,0.0,9.5,0.0
S-01bbff,0.0,9.666666666666666,0.0
S-01fa46,0.0,10.833333333333334,0.0
S-020dce,0.0,7.0,0.0
S-021004,0.0,9.0,0.0
S-021985,0.0,11.2,0.0
S-022a1e,0.0,7.333333333333333,0.0
S-023f3c,0.0,10.0,0.0
S-023f5f,0.0,10.0,0.0
S-02508a,0.0,10.166666666666666,0.0
S-025bea,0.0,9.166666666666666,0.0
S-0268ba,0.0,11.0,0.0
S-027102,0.0,10.666666666666666,0.0
S-0283b5,0.0,9.4,0.0
S-028f5b,0.0,10.8,0.0
S-029065,0.0,9.0,0.0
S-02949d,0.0,11.25,0.0
S-02984e,0.0,9.0,0.0
S-029c20,0.0,9.714285714285714,0.0
S-02ab8b,0.0,10.4,0.0
S-02b3a1,0.0,9.0,0.0
S-02b754,0.0,9.857142857142858,0.0
S-02be35,0.0,11.142857142857142,0.0
S-02c3e7,0.0,9.571428571428571,0.0
S-02d46a,0.0,9.285714285714286,0.0
S-02ec76,0.0,8.666666666666666,0.0
S-0334aa,0.0,13.5,0.0
S-0337da,0.0,12.0,0.0
S-0359cf,0.0,10.333333333333334,0.0
S-036362,0.0,13.0,0.0
S-0380a3,0.0,8.25,0.0
S-0386c2,0.0,8.666666666666666,0.0
S-038c7d,0.0,8.5,0.0
S-038f6f,0.0,11.0,0.0
S-03906f,0.0,9.5,0.0
S-039a8e,0.0,10.5,0.0
S-03a939,0.0,10.5,0.0
S-03a97f,0.0,11.5,0.0
S-040422,0.0,9.0,0.0
S-040f03,0.0,9.0,0.0
S-041553,0.0,9.5,0.0
S-041624,0.0,11.8,0.0
S-0455a5,0.0,7.75,0.0
S-0459a1,0.0,9.555555555555555,0.0
S-0463f5,0.0,9.5,0.0
S-046595,0.0,9.857142857142858,0.0
S-049328,0.0,10.25,0.0
S-049667,0.0,12.0,0.0
S-04b127,0.0,12.0,0.0
S-04d260,0.0,10.75,0.0
S-04ec2f,0.0,8.666666666666666,0.0
S-04fd47,0.0,9.333333333333334,0.0
S-050a91,0.0,12.0,0.0
S-053142,0.0,10.0,0.0
S-054897,0.0,11.0,0.0
S-05553e,0.0,9.5,0.0
S-05555d,0.0,9.5,0.0
S-056775,0.0,10.833333333333334,0.0
S-056af2,0.0,11.333333333333334,0.0
S-0586ad,0.0,10.4,0.0
S-05aaef,0.0,11.125,0.0
S-05ad41,0.0,11.0,0.0
S-05b080,0.0,11.0,0.0
S-05b1b6,0.0,7.75,0.0
S-05be05,0.0,9.0,0.0
S-05ef15,0.0,8.333333333333334,0.0
S-05eff5,0.0,11.2,0.0
S-060019,0.0,10.0,0.0
S-061025,0.0,8.166666666666666,0.0
S-063586,0.0,9.75,0.0
S-0638dc,0.0,9.4,0.0
S-06447b,0.0,7.75,0.0
S-06770c,0.0,11.0,0.0
S-067edc,0.0,10.5,0.0
S-06b9f0,0.0,11.5,0.0
S-06c096,0.0,10.5,0.0
S-06e3cd,0.0,6.666666666666667,0.0
S-06e837,0.0,9.333333333333334,0.0
S-06fb6f,0.0,12.5,0.0
S-06fb77,0.0,9.75,0.0
S-070d42,0.0,10.2,0.0
S-071ade,0.0,8.333333333333334,0.0
S-073381,0.0,10.0,0.0
S-07399c,0.0,10.8,0.0
S-0756ce,0.0,9.666666666666666,0.0
S-075ffc,0.0,10.0,0.0
S-07734f,0.0,11.166666666666666,0.0
S-078e94,0.0,11.666666666666666,0.0
S-079321,0.0,8.833333333333334,0.0
S-07976e,0.0,7.6,0.0
S-07a006,0.0,10.0,0.0
S-07abdd,0.0,11.5,0.0
S-07ace5,0.0,9.25,0.0
S-07c0da,0.0,10.25,0.0
S-07c505,0.0,11.2,0.0
S-07e821,0.0,6.8,0.0
S-07f282,0.0,10.5,0.0
S-0802a4,0.0,7.666666666666667,0.0
S-081b81,0.0,13.5,0.0
S-082b15,0.0,7.5,0.0
S-084930,0.0,9.6,0.0
S-084e4f,0.0,9.428571428571429,0.0
S-085f96,0.0,10.0,0.0
S-0865f1,0.0,10.2,0.0
S-0891f1,0.0,10.714285714285714,0.0
S-089366,0.0,12.222222222222221,0.0
S-0896f4,0.0,9.25,0.0
S-089fa7,0.0,10.0,0.0
S-08a3ca,0.0,10.25,0.0
S-08a5fd,0.0,11.25,0.0
S-08c8e1,0.0,10.571428571428571,0.0
S-08e560,0.0,10.166666666666666,0.0
S-08f8d3,0.0,7.4,0.0
S-09076d,0.0,11.166666666666666,0.0
S-091a8d,0.0,6.0,0.0
S-094e82,0.0,10.4,0.0
S-095083,0.0,10.0,0.0
S-096065,0.0,9.0,0.0
S-09761d,0.0,6.666666666666667,0.0
S-09950d,0.0,9.285714285714286,0.0
S-099dbc,0.0,7.857142857142857,0.0
S-09ada1,0.0,9.0,0.0
S-09c1df,0.0,8.75,0.0
S-09cb75,0.0,10.857142857142858,0.0
S-09cdac,0.0,10.1,0.0
S-09d706,0.0,10.0,0.0
S-0a01c5,0.0,8.75,0.0
S-0a15fa,0.0,8.2,0.0
S-0a19d1,0.0,8.0,0.0
S-0a2238,0.0,13.375,0.0
S-0a3e58,0.0,11.5,0.0
S-0a59be,0.0,9.8,0.0
S-0a5cd7,0.0,11.5,0.0
S-0a70a3,0.0,9.0,0.0
S-0a7396,0.0,8.0,0.0
S-0a765d,0.0,9.0,0.0
S-0a8200,0.0,11.125,0.0
S-0a83cc,0.0,12.25,0.0
S-0a8acf,0.0,9.2,0.0
S-0a8cff,0.0,8.75,0.0
S-0a9660,0.0,8.75,0.0
S-0abd10,0.0,13.25,0.0
S-0abdec,0.0,11.666666666666666,0.0
S-0ac09f,0.0,11.75,0.0
S-0acba4,0.0,10.25,0.0
S-0adca9,0.0,11.428571428571429,0.0
S-0ae114,0.0,7.285714285714286,0.0
S-0ae33f,0.0,8.8,0.0
S-0aed9e,0.0,9.6,0.0
S-0aedf8,0.0,12.333333333333334,0.0
S-0b054a,0.0,10.333333333333334,0.0
S-0b059f,0.0,10.5,0.0
S-0b0ffa,0.0,14.0,0.0
S-0b25d7,0.0,11.25,0.0
S-0b2faf,0.0,9.25,0.0
S-0b3f0c,0.0,11.2,0.0
S-0b46b0,0.0,10.6,0.0
S-0b62cc,0.0,9.5,0.0
S-0b6899,0.0,8.0,0.0
S-0b6e58,0.0,13.0,0.0
S-0b73bd,0.0,11.5,0.0
S-0b7de7,0.0,10.25,0.0
S-0b80b4,0.0,12.333333333333334,0.0
S-0b8b0c,0.0,12.142857142857142,0.0
S-0ba1fe,0.0,9.0,0.0
S-0bccd9,0.0,10.714285714285714,0.0
S-0bd442,0.0,10.666666666666666,0.0
S-0bdf55,0.0,9.0,0.0
S-0c03b0,0.0,9.6,0.0
S-0c0ddf,0.0,8.857142857142858,0.0
S-0c4162,0.0,9.5,0.0
S-0c42bc,0.0,9.571428571428571,0.0
S-0c43c2,0.0,12.0,0.0
S-0c46bb,0.0,8.333333333333334,0.0
S-0c5771,0.0,12.166666666666666,0.0
S-0c63de,0.0,10.0,0.0
S-0c9600,0.0,11.0,0.0
S-0c9fdd,0.0,11.6,0.0
S-0cb4fe,0.0,8.75,0.0
S-0cb6ed,0.0,9.857142857142858,0.0
S-0cbce0,0.0,11.333333333333334,0.0
S-0ce88b,0.0,8.0,0.0
S-0d33fc,0.0,10.333333333333334,0.0
S-0d391c,0.0,8.25,0.0
S-0d497d,0.0,8.88888888888889,0.0
S-0d6da2,0.0,6.0,0.0
S-0d86a4,0.0,8.0,0.0
S-0d8cfd,0.0,10.666666666666666,0.0
S-0d93fe,0.0,9.571428571428571,0.0
S-0da40c,0.0,9.571428571428571,0.0
S-0da8be,0.0,9.0,0.0
S-0dd555,0.0,10.5,0.0
S-0de78a,0.0,10.2,0.0
S-0e057d,0.0,12.25,0.0
S-0e068c,0.0,8.666666666666666,0.0
S-0e12c9,0.0,11.0,0.0
S-0e12d4,0.0,11.0,0.0
S-0e3b42,0.0,9.75,0.0
S-0e43ad,0.0,8.8,0.0
S-0e43ee,0.0,9.714285714285714,0.0
S-0e499f,0.0,10.0,0.0
S-0e4b0c,0.0,11.25,0.0
S-0e526f,0.0,8.25,0.0
S-0e594f,0.0,10.25,0.0
S-0e6b77,0.0,11.25,0.0
S-0e7e70,0.0,9.0,0.0
S-0e8781,0.0,10.5,0.0
S-0e8ae2,0.0,9.333333333333334,0.0
S-0e8b21,0.0,9.0,0.0
S-0e9f1e,0.0,11.25,0.0
S-0ea795,0.0,10.666666666666666,0.0
S-0eba5a,0.0,9.0,0.0
S-0ec1d3,0.0,10.666666666666666,0.0
S-0ec442,0.0,11.0,0.0
S-0ec903,0.0,13.5,0.0
S-0ecec7,0.0,9.25,0.0
S-0ed0cb,0.0,13.5,0.0
S-0ed7be,0.0,6.833333333333333,0.0
S-0efb82,0.0,9.2,0.0
S-0efc9b,0.0,9.25,0.0
S-0f0d3a,0.0,4.0,0.0
S-0f15b7,0.0,12.666666666666666,0.0
S-0f3df6,0.0,8.285714285714286,0.0
S-0f569f,0.0,10.0,0.0
S-0f6f44,0.0,9.0,0.0
S-0f7a92,0.0,10.666666666666666,0.0
S-0f949d,0.0,8.5,0.0
S-0fa88d,0.0,12.5,0.0
S-0fb7bb,0.0,11.5,0.0
S-0fc72f,0.0,11.0,0.0
S-0fcf7d,0.0,10.166666666666666,0.0
S-0fdcfe,0.0,11.166666666666666,0.0
S-0ff339,0.0,8.0,0.0
S-0ffab0,0.0,3.0,0.0
S-101201,0.0,9.8,0.0
S-101324,0.0,10.5,0.0
S-10134d,0.0,13.0,0.0
S-102053,0.0,7.25,0.0
S-102ebf,0.0,11.0,0.0
S-104053,0.0,7.625,0.0
S-104941,0.0,11.0,0.0
S-104ed3,0.0,10.166666666666666,0.0
S-106283,0.0,11.0,0.0
S-106bf6,0.0,11.6,0.0
S-10702d,0.0,12.0,0.0
S-108282,0.0,11.142857142857142,0.0
S-1082f7,0.0,6.333333333333333,0.0
S-108caf,0.0,11.25,0.0
S-109e0c,0.0,13.5,0.0
S-10ab8d,0.0,9.5,0.0
S-10bf4d,0.0,11.333333333333334,0.0
S-10f143,0.0,14.25,0.0
S-11034a,0.0,12.75,0.0
S-11066a,0.0,9.857142857142858,0.0
S-1109d6,0.0,12.0,0.0
S-112733,0.0,9.5,0.0
S-1131ff,0.0,9.2,0.0
S-115423,0.0,10.0,0.0
S-115510,0.0,12.333333333333334,0.0
S-115823,0.0,9.285714285714286,0.0
S-1170cb,0.0,8.5,0.0
S-117d65,0.0,11.0,0.0
S-11939f,0.0,11.0,0.0
S-11b2c6,0.0,9.5,0.0
S-11d378,0.0,8.0,0.0
S-11d922,0.0,8.3,0.0
S-11dba6,0.0,12.333333333333334,0.0
S-11eef4,0.0,10.2,0.0
S-1200b3,0.0,8.666666666666666,0.0
S-120ae3,0.0,10.666666666666666,0.0
S-12125f,0.0,9.428571428571429,0.0
S-1218fd,0.0,10.166666666666666,0.0
S-121b4d,0.0,13.0,0.0
S-1224ea,0.0,12.0,0.0
S-124207,0.0,9.5,0.0
S-124336,0.0,9.6,0.0
S-125201,0.0,9.2,0.0
S-1261fb,0.0,10.125,0.0
S-126e7e,0.0,10.0,0.0
S-127844,0.0,8.5,0.0
S-127d0b,0.0,8.666666666666666,0.0
S-128f55,0.0,9.375,0.0
S-12902a,0.0,9.0,0.0
S-1299be,0.0,12.2,0.0
S-129a62,0.0,8.0,0.0
S-129cf4,0.0,10.6,0.0
S-12a13c,0.0,11.5,0.0
S-12bfc8,0.0,12.0,0.0
S-12c163,0.0,12.666666666666666,0.0
S-12ca50,0.0,13.333333333333334,0.0
S-12e3ff,0.0,8.75,0.0
S-12ed58,0.0,5.333333333333333,0.0
S-12f05a,0.0,8.333333333333334,0.0
S-131064,0.0,9.875,0.0
S-1319ac,0.0,8.833333333333334,0.0
S-132103,0.0,13.0,0.0
S-134439,0.0,11.0,0.0
S-134753,0.0,9.0,0.0
S-1351ac,0.0,12.8,0.0
S-13a013,0.0,7.5,0.0
S-13a948,0.0,8.5,0.0
S-13ca37,0.0,10.5,0.0
S-13d6d1,0.0,8.75,0.0
S-13dfe7,0.0,8.0,0.0
S-140813,0.0,9.666666666666666,0.0
S-142456,0.0,11.666666666666666,0.0
S-14a685,0.0,8.8,0.0
S-14b7f3,0.0,11.333333333333334,0.0
S-14c8b9,0.0,11.0,0.0
S-14d515,0.0,9.5,0.0
S-14f39f,0.0,11.6,0.0
S-14f672,0.0,7.666666666666667,0.0
S-150930,0.0,9.75,0.0
S-150c71,0.0,10.125,0.0
S-151fce,0.0,10.5,0.0
S-154119,0.0,14.0,0.0
S-15582c,0.0,10.2,0.0
S-155934,0.0,9.5,0.0
S-155b3e,0.0,8.0,0.0
S-155e15,0.0,12.0,0.0
S-15609d,0.0,6.5,0.0
S-15a058,0.0,10.4,0.0
S-15a897,0.0,10.0,0.0
S-15a8c0,0.0,9.5,0.0
S-15be1c,0.0,7.166666666666667,0.0
S-15cfa1,0.0,15.0,0.0
S-15e705,0.0,8.333333333333334,0.0
S-162596,0.0,7.666666666666667,0.0
S-162d54,0.0,10.4,0.0
S-163e64,0.0,10.5,0.0
S-163e9d,0.0,8.0,0.0
S-164594,0.0,14.333333333333334,0.0
S-16486d,0.0,8.2,0.0
S-166024,0.0,10.5,0.0
S-1682d4,0.0,10.5,0.0
S-16b6dc,0.0,8.444444444444445,0.0
S-16be20,0.0,11.0,0.0
S-16ce94,0.0,10.25,0.0
S-16cf6a,0.0,11.5,0.0
S-16dc40,0.0,10.285714285714286,0.0
S-16e21f,0.0,9.5,0.0
S-16ef7a,0.0,9.833333333333334,0.0
S-16fb78,0.0,10.0,0.0
S-1712e6,0.0,9.333333333333334,0.0
S-172953,0.0,10.833333333333334,0.0
S-175429,0.0,9.857142857142858,0.0
S-17bbdd,0.0,12.0,0.0
S-17bedf,0.0,9.5,0.0
S-17c51e,0.0,8.0,0.0
S-17cfc4,0.0,11.11111111111111,0.0
S-17e05f,0.0,8.333333333333334,0.0
S-17fb4d,0.0,10.333333333333334,0.0
S-180ae3,0.0,9.4,0.0
S-180b6c,0.0,7.5,0.0
S-183073,0.0,7.833333333333333,0.0
S-183460,0.0,11.833333333333334,0.0
S-183502,0.0,9.6,0.0
S-18565e,0.0,9.5,0.0
S-1862f2,0.0,11.0,0.0
S-1877a6,0.0,12.0,0.0
S-1883dc,0.0,11.333333333333334,0.0
S-1898b3,0.0,9.75,0.0
S-18e3a5,0.0,8.4,0.0
S-18f498,0.0,9.666666666666666,0.0
S-18f80d,0.0,11.0,0.0
S-18f829,0.0,8.0,0.0
S-191550,0.0,12.0,0.0
S-193d88,0.0,10.375,0.0
S-19465f,0.0,7.6,0.0
S-195cd5,0.0,9.25,0.0
S-195f9b,0.0,9.625,0.0
S-196c1e,0.0,9.692307692307692,0.0
S-196dc6,0.0,10.5,0.0
S-196e49,0.0,7.0,0.0
S-1976bb,0.0,8.0,0.0
S-19858e,0.0,14.714285714285714,0.0
S-198dbe,0.0,11.222222222222221,0.0
S-199697,0.0,16.0,0.0
S-19abcf,0.0,10.833333333333334,0.0
S-19b415,0.0,10.5,0.0
S-19c44c,0.0,9.25,0.0
S-19f80d,0.0,12.0,0.0
S-19f899,0.0,8.6,0.0
S-1a04fe,0.0,13.5,0.0
S-1a20b6,0.0,10.0,0.0
S-1a2f35,0.0,10.142857142857142,0.0
S-1a2fbc,0.0,9.2,0.0
S-1a3627,0.0,12.5,0.0
S-1a3d9c,0.0,9.2,0.0
S-1a5fa7,0.0,9.833333333333334,0.0
S-1a9c5c,0.0,11.666666666666666,0.0
S-1ac1b4,0.0,9.0,0.0
S-1ad030,0.0,10.142857142857142,0.0
S-1ad0ca,0.0,8.333333333333334,0.0
S-1ad713,0.0,10.4,0.0
S-1ade0b,0.0,10.5,0.0
S-1b0848,0.0,10.6,0.0
S-1b373c,0.0,8.0,0.0
S-1b4693,0.0,11.6,0.0
S-1b4be3,0.0,9.5,0.0
S-1b524a,0.0,10.5,0.0
S-1b6221,0.0,10.0,0.0
S-1b713e,0.0,11.5,0.0
S-1b7677,0.0,10.0,0.0
S-1b8300,0.0,10.75,0.0
S-1b8454,0.0,7.833333333333333,0.0
S-1bb4f4,0.0,13.5,0.0
S-1bbdf0,0.0,10.0,0.0
S-1bbf0a,0.0,10.0,0.0
S-1bc5a4,0.0,13.0,0.0
S-1bd2ec,0.0,11.4,0.0
S-1bdc35,0.0,10.666666666666666,0.0
S-1be5a9,0.0,9.0,0.0
S-1bf267,0.0,9.0,0.0
S-1c06f3,0.0,10.25,0.0
S-1c23d2,0.0,10.0,0.0
S-1c2a4a,0.0,10.75,0.0
S-1c3522,0.0,8.0,0.0
S-1c3a42,0.0,8.833333333333334,0.0
S-1c406a,0.0,10.0,0.0
S-1c54b6,0.0,8.6,0.0
S-1c5650,0.0,9.666666666666666,0.0
S-1c5955,0.0,8.375,0.0
S-1c643d,0.0,13.333333333333334,0.0
S-1c7a41,0.0,10.0,0.0
S-1cebf9,0.0,8.0,0.0
S-1cfab2,0.0,13.5,0.0
S-1cff18,0.0,9.2,0.0
S-1cff77,0.0,9.166666666666666,0.0
S-1d081a,0.0,10.5,0.0
S-1d15a7,0.0,9.0,0.0
S-1d2d00,0.0,10.857142857142858,0.0
S-1d3af2,0.0,13.6,0.0
S-1d4aa3,0.0,6.5,0.0
S-1d5f4e,0.0,9.571428571428571,0.0
S-1d63bf,0.0,12.142857142857142,0.0
S-1d661c,0.0,9.5,0.0
S-1d69ca,0.0,10.5,0.0
S-1d7003,0.0,8.666666666666666,0.0
S-1d7e7f,0.0,9.5,0.0
S-1db3e6,0.0,9.0,0.0
S-1dbbc2,0.0,8.5,0.0
S-1dceca,0.0,9.166666666666666,0.0
S-1dd0ad,0.0,10.5,0.0
S-1df679,0.0,8.833333333333334,0.0
S-1dfa14,0.0,7.75,0.0
S-1dfdd0,0.0,12.5,0.0
S-1e15d1,0.0,11.2,0.0
S-1e1853,0.0,14.666666666666666,0.0
S-1e349b,0.0,11.0,0.0
S-1e3a06,0.0,9.833333333333334,0.0
S-1e8910,0.0,11.0,0.0
S-1e8c9e,0.0,10.0,0.0
S-1eb467,0.0,9.375,0.0
S-1eba7d,0.0,10.2,0.0
S-1ebe39,0.0,10.5,0.0
S-1f149a,0.0,12.75,0.0
S-1f3254,0.0,8.333333333333334,0.0
S-1f4c01,0.0,9.0,0.0
S-1f4db5,0.0,12.0,0.0
S-1f505e,0.0,8.8,0.0
S-1f5841,0.0,10.0,0.0
S-1f93cd,0.0,9.5,0.0
S-1f94ad,0.0,10.333333333333334,0.0
S-1fabe5,0.0,9.5,0.0
S-1facfc,0.0,9.0,0.0
S-1fb7ac,0.0,9.8,0.0
S-1fddda,0.0,11.5,0.0
S-1feff8,0.0,8.0,0.0
S-200752,0.0,6.0,0.0
S-204d42,0.0,10.5,0.0
S-206227,0.0,13.0,0.0
S-207046,0.0,8.2,0.0
S-207191,0.0,9.6,0.0
S-20812a,0.0,7.333333333333333,0.0
S-208e33,0.0,9.333333333333334,0.0
S-209456,0.0,11.0,0.0
S-20952f,0.0,10.222222222222221,0.0
S-20a297,0.0,8.2,0.0
S-20f1bd,0.0,8.0,0.0
S-20f505,0.0,9.75,0.0
S-211bc2,0.0,10.5,0.0
S-212fc4,0.0,10.75,0.0
S-214d98,0.0,10.142857142857142,0.0
S-214edb,0.0,10.0,0.0
S-215e9c,0.0,9.0,0.0
S-2176da,0.0,12.666666666666666,0.0
S-2178f0,0.0,10.333333333333334,0.0
S-2186ea,0.0,9.0,0.0
S-2196c4,0.0,10.0,0.0
S-21b034,0.0,9.714285714285714,0.0
S-21b68e,0.0,10.875,0.0
S-21bd25,0.0,9.8,0.0
S-21c164,0.0,10.25,0.0
S-21d0ab,0.0,10.0,0.0
S-21d7be,0.0,9.5,0.0
S-21e372,0.0,9.0,0.0
S-21ebb6,0.0,10.833333333333334,0.0
S-21eeea,0.0,11.4,0.0
S-22014f,0.0,10.5,0.0
S-22083e,0.0,9.875,0.0
S-2214c6,0.0,11.0,0.0
S-221db6,0.0,10.857142857142858,0.0
S-222167,0.0,11.5,0.0
S-223221,0.0,9.714285714285714,0.0
S-22365f,0.0,11.571428571428571,0.0
S-2245c0,0.0,9.0,0.0
S-224bca,0.0,11.8,0.0
S-226cf3,0.0,8.75,0.0
S-22778a,0.0,10.0,0.0
S-227856,0.0,10.75,0.0
S-228457,0.0,8.6,0.0
S-22be2c,0.0,12.666666666666666,0.0
S-22c66b,0.0,7.75,0.0
S-22cbb3,0.0,8.333333333333334,0.0
S-22e21a,0.0,9.5,0.0
S-22f096,0.0,10.625,0.0
S-22f503,0.0,12.0,0.0
S-233c23,0.0,10.166666666666666,0.0
S-235670,0.0,10.666666666666666,0.0
S-23587d,0.0,10.833333333333334,0.0
S-2359a2,0.0,10.5,0.0
S-2361ec,0.0,10.5,0.0
S-2372d2,0.0,9.333333333333334,0.0
S-239429,0.0,12.0,0.0
S-239a39,0.0,10.2,0.0
S-23a6c5,0.0,12.0,0.0
S-23ae3c,0.0,9.4,0.0
S-23ba41,0.0,8.25,0.0
S-23ccf4,0.0,11.0,0.0
S-23d18f,0.0,9.0,0.0
S-23d802,0.0,9.0,0.0
S-23dab0,0.0,11.25,0.0
S-23dcff,0.0,10.4,0.0
S-23f506,0.0,13.0,0.0
S-240a09,0.0,10.857142857142858,0.0
S-2410c6,0.0,11.428571428571429,0.0
S-2416eb,0.0,10.88888888888889,0.0
S-242e1b,0.0,11.333333333333334,0.0
S-24323f,0.0,10.4,0.0
S-244df8,0.0,9.0,0.0
S-24631a,0.0,8.5,0.0
S-246f9c,0.0,10.25,0.0
S-24796e,0.0,10.166666666666666,0.0
S-2480b0,0.0,12.0,0.0
S-249448,0.0,11.666666666666666,0.0
S-24cdb5,0.0,13.333333333333334,0.0
S-24d19a,0.0,9.25,0.0
S-24d48b,0.0,7.5,0.0
S-24ecbf,0.0,12.0,0.0
S-25270a,0.0,10.4,0.0
S-2557d9,0.0,10.0,0.0
S-255846,0.0,6.666666666666667,0.0
S-2565f0,0.0,9.571428571428571,0.0
S-2573e4,0.0,9.0,0.0
S-259804,0.0,8.0,0.0
S-25a969,0.0,11.833333333333334,0.0
S-25b756,0.0,9.8,0.0
S-25ec8c,0.0,10.25,0.0
S-25ee09,0.0,9.75,0.0
S-25ff39,0.0,9.5,0.0
S-260d1e,0.0,12.6,0.0
S-260e48,0.0,9.428571428571429,0.0
S-26191b,0.0,8.166666666666666,0.0
S-261a8d,0.0,10.0,0.0
S-2632a2,0.0,11.0,0.0
S-2636a7,0.0,10.666666666666666,0.0
S-264c8a,0.0,11.6,0.0
S-26593b,0.0,11.0,0.0
S-2664e1,0.0,10.857142857142858,0.0
S-266ada,0.0,9.333333333333334,0.0
S-269b4a,0.0,11.0,0.0
S-26a630,0.0,12.5,0.0
S-26bc22,0.0,10.8,0.0
S-26bf58,0.0,8.666666666666666,0.0
S-26da35,0.0,9.4,0.0
S-26dbbf,0.0,10.0,0.0
S-26deeb,0.0,9.5,0.0
S-26e8f0,0.0,8.6,0.0
S-27514e,0.0,6.0,0.0
S-27552b,0.0,12.5,0.0
S-2756ac,0.0,13.0,0.0
S-275d57,0.0,9.428571428571429,0.0
S-276d44,0.0,11.0,0.0
S-277111,0.0,9.0,0.0
S-27ab7f,0.0,12.75,0.0
S-27c00d,0.0,10.4,0.0
S-27c993,0.0,15.0,0.0
S-27e9ad,0.0,9.125,0.0
S-28332f,0.0,8.333333333333334,0.0
S-2843fe,0.0,10.571428571428571,0.0
S-28489e,0.0,11.75,0.0
S-2852dd,0.0,13.666666666666666,0.0
S-285534,0.0,12.25,0.0
S-2881e0,0.0,11.0,0.0
S-289702,0.0,8.0,0.0
S-28a2b2,0.0,13.333333333333334,0.0
S-28a4b7,0.0,10.666666666666666,0.0
S-28d401,0.0,11.25,0.0
S-28d64b,0.0,9.5,0.0
S-28e360,0.0,8.333333333333334,0.0
S-28e491,0.0,10.88888888888889,0.0
S-28e7bf,0.0,11.0,0.0
S-28eb12,0.0,11.166666666666666,0.0
S-28eeec,0.0,9.2,0.0
S-290ee5,0.0,10.8,0.0
S-292c06,0.0,8.75,0.0
S-293a1f,0.0,10.0,0.0
S-2940a5,0.0,12.8,0.0
S-294d8b,0.0,9.833333333333334,0.0
S-29597a,0.0,9.5,0.0
S-295bac,0.0,10.0,0.0
S-2971ae,0.0,10.75,0.0
S-2991c7,0.0,4.0,0.0
S-29a901,0.0,9.0,0.0
S-29c16b,0.0,9.5,0.0
S-29ec80,0.0,8.4,0.0
S-2a312e,0.0,11.666666666666666,0.0
S-2a53d5,0.0,10.428571428571429,0.0
S-2a57b3,0.0,9.75,0.0
S-2a6c1f,0.0,8.75,0.0
S-2a6e4a,0.0,7.8,0.0
S-2a6eb3,0.0,15.0,0.0
S-2a73e2,0.0,12.2,0.0
S-2a9676,0.0,9.833333333333334,0.0
S-2aa395,0.0,12.0,0.0
S-2aaca3,0.0,12.4,0.0
S-2aad81,0.0,13.0,0.0
S-2aafa6,0.0,9.571428571428571,0.0
S-2abab6,0.0,14.0,0.0
S-2abffe,0.0,11.6,0.0
S-2ad954,0.0,12.0,0.0
S-2ae5d8,0.0,10.333333333333334,0.0
S-2b0a2d,0.0,10.0,0.0
S-2b2532,0.0,12.333333333333334,0.0
S-2b35cc,0.0,10.0,0.0
S-2b4a26,0.0,10.25,0.0
S-2b504d,0.0,8.6,0.0
S-2b550a,0.0,12.333333333333334,0.0
S-2b58a7,0.0,10.222222222222221,0.0
S-2b608a,0.0,8.5,0.0
S-2b7664,0.0,7.4,0.0
S-2b8a8b,0.0,10.5,0.0
S-2ba4ee,0.0,10.2,0.0
S-2bc644,0.0,9.2,0.0
S-2bc860,0.0,8.5,0.0
S-2beaee,0.0,10.0,0.0
S-2bef13,0.0,8.0,0.0
S-2c11c6,0.0,11.666666666666666,0.0
S-2c1ca6,0.0,11.0,0.0
S-2c3b6d,0.0,10.0,0.0
S-2c3d7d,0.0,10.666666666666666,0.0
S-2c4527,0.0,11.571428571428571,0.0
S-2c4909,0.0,10.0,0.0
S-2c52b6,0.0,9.6,0.0
S-2c5e1c,0.0,10.0,0.0
S-2c80ba,0.0,8.666666666666666,0.0
S-2c8143,0.0,6.75,0.0
S-2cb298,0.0,11.666666666666666,0.0
S-2cc962,0.0,7.333333333333333,0.0
S-2ccc04,0.0,11.1,0.0
S-2cec4e,0.0,12.333333333333334,0.0
S-2cf162,0.0,10.333333333333334,0.0
S-2d04a6,0.0,11.0,0.0
S-2d0d53,0.0,12.2,0.0
S-2d21b9,0.0,11.75,0.0
S-2d2a88,0.0,10.666666666666666,0.0
S-2d3096,0.0,11.833333333333334,0.0
S-2d3434,0.0,7.833333333333333,0.0
S-2d494e,0.0,11.2,0.0
S-2d4edf,0.0,9.0,0.0
S-2d51ca,0.0,8.857142857142858,0.0
S-2d5c04,0.0,9.666666666666666,0.0
S-2d62ad,0.0,10.0,0.0
S-2d63e2,0.0,10.0,0.0
S-2d7947,0.0,5.5,0.0
S-2d807a,0.0,12.2,0.0
S-2dad6b,0.0,10.333333333333334,0.0
S-2db458,0.0,9.25,0.0
S-2dbf11,0.0,11.4,0.0
S-2dbf26,0.0,12.857142857142858,0.0
S-2dc99d,0.0,12.0,0.0
S-2ddf94,0.0,10.2,0.0
S-2de283,0.0,7.0,0.0
S-2de449,0.0,11.0,0.0
S-2ded06,0.0,11.666666666666666,0.0
S-2e017b,0.0,10.5,0.0
S-2e0575,0.0,6.5,0.0
S-2e2d6c,0.0,10.0,0.0
S-2e4018,0.0,13.0,0.0
S-2e7756,0.0,10.0,0.0
S-2e78ce,0.0,11.0,0.0
S-2e79e8,0.0,10.0,0.0
S-2e7b85,0.0,8.666666666666666,0.0
S-2e8409,0.0,11.0,0.0
S-2e965d,0.0,9.875,0.0
S-2eb247,0.0,10.666666666666666,0.0
S-2ebd06,0.0,9.857142857142858,0.0
S-2ecaea,0.0,10.0,0.0
S-2ee2e1,0.0,9.333333333333334,0.0
S-2ee7ec,0.0,10.25,0.0
S-2ee940,0.0,9.833333333333334,0.0
S-2f0291,0.0,11.166666666666666,0.0
S-2f0815,0.0,9.666666666666666,0.0
S-2f11bb,0.0,9.11111111111111,0.0
S-2f138c,0.0,12.0,0.0
S-2f2ba3,0.0,8.666666666666666,0.0
S-2f7250,0.0,10.666666666666666,0.0
S-2f729b,0.0,6.333333333333333,0.0
S-2f8d64,0.0,9.75,0.0
S-2f8dbb,0.0,10.4,0.0
S-2f998d,0.0,10.5,0.0
S-2f9bef,0.0,10.0,0.0
S-2fc028,0.0,9.5,0.0
S-2fc8fa,0.0,11.0,0.0
S-2fcf09,0.0,8.6,0.0
S-2fd379,0.0,10.8,0.0
S-2fd486,0.0,12.0,0.0
S-2fd650,0.0,10.0,0.0
S-2fe253,0.0,10.0,0.0
S-2fe6c0,0.0,8.5,0.0
S-2fed82,0.0,9.25,0.0
S-30008c,0.0,11.5,0.0
S-3012fa,0.0,9.25,0.0
S-301b73,0.0,9.142857142857142,0.0
S-302119,0.0,6.5,0.0
S-302856,0.0,10.625,0.0
S-302add,0.0,9.571428571428571,0.0
S-303f63,0.0,9.833333333333334,0.0
S-304196,0.0,8.428571428571429,0.0
S-305a67,0.0,8.666666666666666,0.0
S-306a99,0.0,5.0,0.0
S-307a21,0.0,10.0,0.0
S-307b2b,0.0,8.75,0.0
S-307e49,0.0,12.5,0.0
S-3092cb,0.0,8.666666666666666,0.0
S-30c045,0.0,8.857142857142858,0.0
S-30fa6f,0.0,9.0,0.0
S-31090f,0.0,6.5,0.0
S-310ae0,0.0,8.5,0.0
S-3110d9,0.0,9.166666666666666,0.0
S-3112d0,0.0,5.0,0.0
S-31178d,0.0,7.333333333333333,0.0
S-3128b4,0.0,8.2,0.0
S-31428b,0.0,10.0,0.0
S-317bed,0.0,10.666666666666666,0.0
S-3196e2,0.0,10.0,0.0
S-3199cf,0.0,9.0,0.0
S-31ac79,0.0,10.5,0.0
S-31afc4,0.0,8.666666666666666,0.0
S-31be9c,0.0,9.25,0.0
S-31cec4,0.0,9.0,0.0
S-31d765,0.0,7.8,0.0
S-31d8aa,0.0,7.428571428571429,0.0
S-31d9ee,0.0,13.5,0.0
S-31e347,0.0,9.666666666666666,0.0
S-321498,0.0,8.666666666666666,0.0
S-322a59,0.0,7.5,0.0
S-3236ee,0.0,10.0,0.0
S-323782,0.0,9.666666666666666,0.0
S-323f3e,0.0,8.625,0.0
S-32545c,0.0,10.666666666666666,0.0
S-326577,0.0,11.0,0.0
S-326691,0.0,7.7272727272727275,0.0
S-3279f1,0.0,9.333333333333334,0.0
S-327a60,0.0,10.25,0.0
S-327e7c,0.0,9.666666666666666,0.0
S-328ac2,0.0,9.333333333333334,0.0
S-329803,0.0,10.0,0.0
S-329a60,0.0,9.4,0.0
S-329db8,0.0,11.0,0.0
S-32d56d,0.0,10.333333333333334,0.0
S-32d874,0.0,9.5,0.0
S-32e881,0.0,10.166666666666666,0.0
S-32e8fa,0.0,11.5,0.0
S-330457,0.0,10.666666666666666,0.0
S-330989,0.0,11.25,0.0
S-3311b1,0.0,12.0,0.0
S-333abd,0.0,11.166666666666666,0.0
S-33472f,0.0,7.25,0.0
S-335e1e,0.0,12.0,0.0
S-337c84,0.0,13.0,0.0
S-3383a4,0.0,9.75,0.0
S-33db08,0.0,10.142857142857142,0.0
S-33df6f,0.0,9.0,0.0
S-33e40e,0.0,9.428571428571429,0.0
S-33eb1d,0.0,9.166666666666666,0.0
S-342037,0.0,8.5,0.0
S-34253c,0.0,10.0,0.0
S-342708,0.0,10.4,0.0
S-343642,0.0,8.857142857142858,0.0
S-3445f5,0.0,9.5,0.0
S-344c0d,0.0,6.0,0.0
S-34512a,0.0,10.4,0.0
S-3473af,0.0,9.285714285714286,0.0
S-34a131,0.0,10.25,0.0
S-34b845,0.0,11.0,0.0
S-34cc51,0.0,12.0,0.0
S-34cfad,0.0,12.0,0.0
S-34f8ad,0.0,9.333333333333334,0.0
S-354f6f,0.0,8.0,0.0
S-35752e,0.0,10.666666666666666,0.0
S-358daa,0.0,9.0,0.0
S-35a22f,0.0,9.0,0.0
S-35c7c8,0.0,11.166666666666666,0.0
S-35cf1c,0.0,11.2,0.0
S-35ff7e,0.0,10.666666666666666,0.0
S-35ff9e,0.0,10.25,0.0
S-36069b,0.0,12.333333333333334,0.0
S-3632aa,0.0,9.0,0.0
S-363c29,0.0,11.166666666666666,0.0
S-3647aa,0.0,9.428571428571429,0.0
S-36480d,0.0,10.0,0.0
S-3660bb,0.0,9.666666666666666,0.0
S-3663bb,0.0,9.0,0.0
S-3673f2,0.0,11.125,0.0
S-367d84,0.0,8.8,0.0
S-367dee,0.0,14.5,0.0
S-3684d3,0.0,12.0,0.0
S-36885c,0.0,8.5,0.0
S-369495,0.0,10.5,0.0
S-36ad61,0.0,11.0,0.0
S-36aedb,0.0,10.625,0.0
S-36c07b,0.0,9.4,0.0
S-36ee88,0.0,10.285714285714286,0.0
S-36f26c,0.0,10.75,0.0
S-36f6ec,0.0,11.333333333333334,0.0
S-370135,0.0,12.25,0.0
S-371662,0.0,8.8,0.0
S-373490,0.0,9.75,0.0
S-373c6e,0.0,14.666666666666666,0.0
S-3741b9,0.0,10.0,0.0
S-374628,0.0,12.0,0.0
S-374be8,0.0,10.6,0.0
S-374d5f,0.0,10.333333333333334,0.0
S-375190,0.0,8.5,0.0
S-377ced,0.0,8.571428571428571,0.0
S-3781d0,0.0,8.0,0.0
S-37879d,0.0,8.0,0.0
S-379d32,0.0,10.333333333333334,0.0
S-37a9e3,0.0,10.25,0.0
S-37b367,0.0,10.125,0.0
S-37b59a,0.0,10.0,0.0
S-37b6b2,0.0,9.6,0.0
S-37bdb4,0.0,11.75,0.0
S-37d13a,0.0,8.0,0.0
S-37d427,0.0,12.0,0.0
S-37dc91,0.0,10.0,0.0
S-37e3ad,0.0,9.5,0.0
S-37ed34,0.0,7.5,0.0
S-37f480,0.0,9.75,0.0
S-3803ff,0.0,11.0,0.0
S-380617,0.0,9.375,0.0
S-38131a,0.0,9.5,0.0
S-381917,0.0,9.166666666666666,0.0
S-381988,0.0,8.8,0.0
S-381c99,0.0,8.0,0.0
S-3829dc,0.0,9.6,0.0
S-383ac2,0.0,12.0,0.0
S-383fc5,0.0,9.428571428571429,0.0
S-3867d6,0.0,12.0,0.0
S-3872fd,0.0,8.833333333333334,0.0
S-388190,0.0,12.8,0.0
S-388f70,0.0,12.0,0.0
S-389426,0.0,11.714285714285714,0.0
S-38a5fb,0.0,11.333333333333334,0.0
S-38b3b4,0.0,10.125,0.0
S-38c5fd,0.0,9.25,0.0
S-38dcab,0.0,11.666666666666666,0.0
S-38eb77,0.0,9.75,0.0
S-390955,0.0,9.5,0.0
S-392e05,0.0,10.166666666666666,0.0
S-393c51,0.0,12.166666666666666,0.0
S-39539d,0.0,9.0,0.0
S-395a98,0.0,11.75,0.0
S-396546,0.0,11.75,0.0
S-3965a4,0.0,10.6,0.0
S-396a83,0.0,9.444444444444445,0.0
S-396a84,0.0,11.25,0.0
S-3981c7,0.0,12.25,0.0
S-398291,0.0,10.25,0.0
S-39a28e,0.0,10.5,0.0
S-39a8f1,0.0,8.8,0.0
S-39b5ce,0.0,9.2,0.0
S-39b850,0.0,9.75,0.0
S-39bb68,0.0,9.0,0.0
S-39e396,0.0,9.5,0.0
S-39e88c,0.0,10.3,0.0
S-39f1b0,0.0,15.0,0.0
S-39f1ed,0.0,11.5,0.0
S-3a1a06,0.0,10.166666666666666,0.0
S-3a28a1,0.0,10.571428571428571,0.0
S-3a28cc,0.0,9.0,0.0
S-3a3be9,0.0,9.666666666666666,0.0
S-3a4336,0.0,9.0,0.0
S-3a5c75,0.0,13.0,0.0
S-3a6a71,0.0,7.428571428571429,0.0
S-3a79ac,0.0,11.75,0.0
S-3aa11b,0.0,9.6,0.0
S-3ab534,0.0,8.5,0.0
S-3ad221,0.0,11.285714285714286,0.0
S-3ad334,0.0,10.5,0.0
S-3ad7c4,0.0,9.0,0.0
S-3ae2dd,0.0,11.666666666666666,0.0
S-3ae7af,0.0,6.75,0.0
S-3ae8d8,0.0,8.6,0.0
S-3af429,0.0,10.5,0.0
S-3af70e,0.0,10.88888888888889,0.0
S-3b0fbb,0.0,13.5,0.0
S-3b29ea,0.0,10.714285714285714,0.0
S-3b3fac,0.0,12.75,0.0
S-3b43b5,0.0,11.0,0.0
S-3b5031,0.0,9.6,0.0
S-3b5458,0.0,9.0,0.0
S-3b5eb3,0.0,9.666666666666666,0.0
S-3b98b1,0.0,10.333333333333334,0.0
S-3b9ad8,0.0,9.0,0.0
S-3ba19e,0.0,12.1,0.0
S-3baf90,0.0,10.666666666666666,0.0
S-3bb28f,0.0,13.333333333333334,0.0
S-3bb329,0.0,10.833333333333334,0.0
S-3bb8a2,0.0,9.5,0.0
S-3bc591,0.0,10.428571428571429,0.0
S-3bd427,0.0,7.25,0.0
S-3bd95c,0.0,10.555555555555555,0.0
S-3c0075,0.0,10.833333333333334,0.0
S-3c072b,0.0,10.625,0.0
S-3c1038,0.0,9.0,0.0
S-3c3a3e,0.0,9.0,0.0
S-3c52a6,0.0,9.5,0.0
S-3c5dab,0.0,7.833333333333333,0.0
S-3c853b,0.0,12.666666666666666,0.0
S-3c8e09,0.0,8.75,0.0
S-3c9178,0.0,9.4,0.0
S-3c9a70,0.0,11.333333333333334,0.0
S-3ca6d2,0.0,9.142857142857142,0.0
S-3cae3d,0.0,9.714285714285714,0.0
S-3cae45,0.0,9.5,0.0
S-3cc163,0.0,12.0,0.0
S-3cc352,0.0,12.0,0.0
S-3cc641,0.0,9.0,0.0
S-3ce79c,0.0,10.5,0.0
S-3d0aa6,0.0,13.0,0.0
S-3d0e5c,0.0,11.555555555555555,0.0
S-3d0e64,0.0,9.0,0.0
S-3d1043,0.0,12.166666666666666,0.0
S-3d2ebb,0.0,10.0,0.0
S-3d4f7a,0.0,9.0,0.0
S-3d58c6,0.0,9.4,0.0
S-3d5e0c,0.0,10.666666666666666,0.0
S-3d6100,0.0,12.0,0.0
S-3d6648,0.0,10.666666666666666,0.0
S-3d6b69,0.0,10.875,0.0
S-3d8c2f,0.0,8.333333333333334,0.0
S-3dc066,0.0,11.5,0.0
S-3dc46b,0.0,7.625,0.0
S-3df0c3,0.0,9.4,0.0
S-3e0c24,0.0,10.5,0.0
S-3e0c7b,0.0,10.75,0.0
S-3e3033,0.0,7.75,0.0
S-3e510d,0.0,8.5,0.0
S-3e54f5,0.0,8.0,0.0
S-3e5a20,0.0,9.8,0.0
S-3e5d57,0.0,9.2,0.0
S-3e6a40,0.0,9.5,0.0
S-3e8283,0.0,11.5,0.0
S-3e8909,0.0,9.0,0.0
S-3ea19d,0.0,12.166666666666666,0.0
S-3ea3af,0.0,10.571428571428571,0.0
S-3eb206,0.0,10.833333333333334,0.0
S-3eb9c8,0.0,10.0,0.0
S-3ec165,0.0,10.166666666666666,0.0
S-3ed1f5,0.0,6.0,0.0
S-3edc14,0.0,8.777777777777779,0.0
S-3ee288,0.0,10.857142857142858,0.0
S-3ee7c3,0.0,8.8,0.0
S-3ef584,0.0,9.0,0.0
S-3f00dc,0.0,8.857142857142858,0.0
S-3f08d7,0.0,12.0,0.0
S-3f0fb6,0.0,6.5,0.0
S-3f18be,0.0,3.3333333333333335,0.0
S-3f2b4c,0.0,13.6,0.0
S-3f48a5,0.0,10.2,0.0
S-3f82bc,0.0,9.0,0.0
S-3f82f4,0.0,11.0,0.0
S-3fa87d,0.0,9.714285714285714,0.0
S-3fb251,0.0,5.5,0.0
S-3fb291,0.0,6.0,0.0
S-3fb8f4,0.0,9.2,0.0
S-3fbf9e,0.0,10.333333333333334,0.0
S-3fe1c3,0.0,11.0,0.0
S-3ff7bb,0.0,8.6,0.0
S-3ffd93,0.0,10.0,0.0
S-4012d6,0.0,4.0,0.0
S-401496,0.0,10.166666666666666,0.0
S-4040a9,0.0,9.125,0.0
S-404132,0.0,10.75,0.0
S-4047a8,0.0,7.6,0.0
S-404ecd,0.0,7.833333333333333,0.0
S-4056f6,0.0,11.0,0.0
S-408c2f,0.0,8.666666666666666,0.0
S-409291,0.0,10.571428571428571,0.0
S-409beb,0.0,6.625,0.0
S-40b133,0.0,8.0,0.0
S-40cbc0,0.0,9.0,0.0
S-40d3aa,0.0,7.333333333333333,0.0
S-40e528,0.0,8.0,0.0
S-410fd5,0.0,10.666666666666666,0.0
S-41128b,0.0,12.4,0.0
S-412125,0.0,8.333333333333334,0.0
S-413a1d,0.0,9.75,0.0
S-415065,0.0,9.666666666666666,0.0
S-41871d,0.0,8.666666666666666,0.0
S-418b7c,0.0,10.875,0.0
S-4193dd,0.0,12.0,0.0
S-41a4cb,0.0,11.166666666666666,0.0
S-41acf0,0.0,9.75,0.0
S-41b844,0.0,9.0,0.0
S-41bb1b,0.0,6.5,0.0
S-41ca59,0.0,12.666666666666666,0.0
S-41cdf0,0.0,10.5,0.0
S-41cf50,0.0,7.75,0.0
S-41d741,0.0,8.625,0.0
S-41ea32,0.0,9.0,0.0
S-41f762,0.0,6.0,0.0
S-4206eb,0.0,10.666666666666666,0.0
S-42218c,0.0,10.4,0.0
S-4236fa,0.0,11.0,0.0
S-425607,0.0,10.0,0.0
S-4260ed,0.0,9.5,0.0
S-42671b,0.0,11.8,0.0
S-426f2f,0.0,7.0,0.0
S-427275,0.0,11.875,0.0
S-42822d,0.0,9.6,0.0
S-428e9a,0.0,9.25,0.0
S-429220,0.0,8.0,0.0
S-42aaf0,0.0,10.0,0.0
S-42af3d,0.0,11.1,0.0
S-42bbe0,0.0,12.0,0.0
S-42f3be,0.0,10.0,0.0
S-42fb01,0.0,8.333333333333334,0.0
S-430691,0.0,10.875,0.0
S-4311fb,0.0,9.875,0.0
S-431c03,0.0,10.0,0.0
S-432401,0.0,8.714285714285714,0.0
S-434140,0.0,11.0,0.0
S-43aa0e,0.0,9.25,0.0
S-43af5a,0.0,7.25,0.0
S-43b6e9,0.0,9.777777777777779,0.0
S-43c2e3,0.0,10.625,0.0
S-43c489,0.0,9.0,0.0
S-43c737,0.0,8.0,0.0
S-43cd30,0.0,9.714285714285714,0.0
S-43f9f8,0.0,8.333333333333334,0.0
S-44046d,0.0,13.666666666666666,0.0
S-440dde,0.0,12.25,0.0
S-441ab2,0.0,10.0,0.0
S-44483e,0.0,13.0,0.0
S-444c6a,0.0,9.0,0.0
S-444f22,0.0,9.5,0.0
S-446c54,0.0,9.0,0.0
S-447189,0.0,11.5,0.0
S-4473ec,0.0,10.5,0.0
S-4484ae,0.0,9.0,0.0
S-448b6d,0.0,12.25,0.0
S-44a646,0.0,11.5,0.0
S-44a7c3,0.0,11.166666666666666,0.0
S-44c2c1,0.0,10.285714285714286,0.0
S-44c5dd,0.0,9.571428571428571,0.0
S-44c9ae,0.0,10.3,0.0
S-44d025,0.0,8.333333333333334,0.0
S-44e3ac,0.0,8.8,0.0
S-44ed0c,0.0,10.25,0.0
S-44f453,0.0,12.0,0.0
S-44fba6,0.0,8.0,0.0
S-450fa9,0.0,10.375,0.0
S-4522a0,0.0,16.0,0.0
S-453f00,0.0,13.5,0.0
S-456d47,0.0,13.0,0.0
S-457217,0.0,9.375,0.0
S-457294,0.0,8.5,0.0
S-45ab1a,0.0,10.5,0.0
S-45baac,0.0,8.0,0.0
S-45c2cf,0.0,6.833333333333333,0.0
S-45ee20,0.0,11.625,0.0
S-460deb,0.0,10.75,0.0
S-461334,0.0,10.0,0.0
S-461988,0.0,8.166666666666666,0.0
S-462547,0.0,9.714285714285714,0.0
S-463525,0.0,11.75,0.0
S-46526e,0.0,11.2,0.0
S-466093,0.0,11.0,0.0
S-467016,0.0,9.166666666666666,0.0
S-467918,0.0,9.125,0.0
S-467d4a,0.0,11.0,0.0
S-46852c,0.0,10.666666666666666,0.0
S-4691f1,0.0,11.333333333333334,0.0
S-4695b8,0.0,12.333333333333334,0.0
S-46a7eb,0.0,11.6,0.0
S-46b63b,0.0,8.0,0.0
S-46dfac,0.0,6.25,0.0
S-46eb1c,0.0,9.0,0.0
S-46ff9c,0.0,14.0,0.0
S-4704e5,0.0,9.5,0.0
S-474b5a,0.0,9.2,0.0
S-4757c8,0.0,10.0,0.0
S-477a57,0.0,10.0,0.0
S-4781b1,0.0,9.666666666666666,0.0
S-478ae9,0.0,10.666666666666666,0.0
S-4793bb,0.0,10.4,0.0
S-47985c,0.0,10.5,0.0
S-479d9a,0.0,11.142857142857142,0.0
S-47a04b,0.0,8.833333333333334,0.0
S-47b86b,0.0,9.75,0.0
S-47ce2d,0.0,8.166666666666666,0.0
S-47cf94,0.0,5.0,0.0
S-47cfb3,0.0,10.125,0.0
S-480226,0.0,10.75,0.0
S-4815a3,0.0,6.5,0.0
S-482962,0.0,9.833333333333334,0.0
S-486088,0.0,9.375,0.0
S-4893cd,0.0,7.0,0.0
S-48a54e,0.0,7.6,0.0
S-48aa95,0.0,9.5,0.0
S-48c5be,0.0,10.0,0.0
S-48ce17,0.0,9.0,0.0
S-48d1f2,0.0,9.333333333333334,0.0
S-48d2b5,0.0,9.5,0.0
S-4904cd,0.0,11.0,0.0
S-4911f9,0.0,9.833333333333334,0.0
S-491216,0.0,11.8,0.0
S-491caf,0.0,11.4,0.0
S-491d53,0.0,9.857142857142858,0.0
S-4920e0,0.0,9.0,0.0
S-496c1e,0.0,10.5,0.0
S-4970c1,0.0,8.666666666666666,0.0
S-497428,0.0,7.666666666666667,0.0
S-4977c8,0.0,8.75,0.0
S-497d95,0.0,8.0,0.0
S-4984e3,0.0,11.5,0.0
S-4994d6,0.0,8.875,0.0
S-499ea3,0.0,11.333333333333334,0.0
S-49a9aa,0.0,10.5,0.0
S-49b0da,0.0,7.0,0.0
S-49b640,0.0,9.833333333333334,0.0
S-49d73e,0.0,10.0,0.0
S-49e3e5,0.0,7.5,0.0
S-4a08bd,0.0,7.0,0.0
S-4a2fc6,0.0,10.833333333333334,0.0
S-4a3e6c,0.0,11.75,0.0
S-4a724b,0.0,9.75,0.0
S-4a89a7,0.0,11.666666666666666,0.0
S-4a8fda,0.0,11.333333333333334,0.0
S-4a90fd,0.0,9.75,0.0
S-4ac0bb,0.0,10.285714285714286,0.0
S-4ad7b1,0.0,9.333333333333334,0.0
S-4af421,0.0,10.25,0.0
S-4afb53,0.0,9.0,0.0
S-4b15c4,0.0,8.6,0.0
S-4b5470,0.0,10.0,0.0
S-4b75c6,0.0,11.5,0.0
S-4b7873,0.0,10.4,0.0
S-4b9226,0.0,9.666666666666666,0.0
S-4b9b13,0.0,9.8,0.0
S-4bb483,0.0,10.0,0.0
S-4bef15,0.0,5.0,0.0
S-4bfa1d,0.0,8.8,0.0
S-4bfab2,0.0,10.0,0.0
S-4bfe7b,0.0,8.333333333333334,0.0
S-4c0b7b,0.0,11.25,0.0
S-4c100f,0.0,9.75,0.0
S-4c2f78,0.0,9.666666666666666,0.0
S-4c4852,0.0,11.0,0.0
S-4c5456,0.0,10.8,0.0
S-4c6ee1,0.0,10.0,0.0
S-4c7591,0.0,9.5,0.0
S-4c82da,0.0,9.833333333333334,0.0
S-4c8ab8,0.0,9.0,0.0
S-4c9107,0.0,11.125,0.0
S-4c9c01,0.0,11.333333333333334,0.0
S-4cdee1,0.0,14.333333333333334,0.0
S-4cff80,0.0,10.555555555555555,0.0
S-4d1a78,0.0,10.0,0.0
S-4d1ba6,0.0,9.285714285714286,0.0
S-4d2011,0.0,10.666666666666666,0.0
S-4d2392,0.0,10.0,0.0
S-4d260c,0.0,9.0,0.0
S-4d2bda,0.0,11.0,0.0
S-4d30ba,0.0,10.333333333333334,0.0
S-4d47e3,0.0,11.666666666666666,0.0
S-4d5623,0.0,9.833333333333334,0.0
S-4d664d,0.0,9.333333333333334,0.0
S-4d8612,0.0,9.142857142857142,0.0
S-4d8633,0.0,8.0,0.0
S-4d8a27,0.0,9.857142857142858,0.0
S-4d9635,0.0,7.8,0.0
S-4d9bfd,0.0,8.75,0.0
S-4da04b,0.0,11.25,0.0
S-4da459,0.0,11.75,0.0
S-4dae4c,0.0,9.0,0.0
S-4dae4f,0.0,9.2,0.0
S-4daf2d,0.0,10.5,0.0
S-4df118,0.0,10.4,0.0
S-4df6ec,0.0,9.0,0.0
S-4dfd17,0.0,8.5,0.0
S-4e00a0,0.0,10.375,0.0
S-4e0220,0.0,9.0,0.0
S-4e3e04,0.0,9.2,0.0
S-4e4ab7,0.0,12.625,0.0
S-4e4ef4,0.0,11.833333333333334,0.0
S-4e762d,0.0,10.571428571428571,0.0
S-4ea564,0.0,10.285714285714286,0.0
S-4eabfc,0.0,6.0,0.0
S-4eb120,0.0,9.625,0.0
S-4ebd94,0.0,8.25,0.0
S-4ed473,0.0,12.0,0.0
S-4eef1a,0.0,8.5,0.0
S-4ef4fd,0.0,9.75,0.0
S-4f0027,0.0,10.666666666666666,0.0
S-4f21c1,0.0,11.25,0.0
S-4f3461,0.0,9.5,0.0
S-4f3f73,0.0,13.0,0.0
S-4f43fd,0.0,10.5,0.0
S-4f5c94,0.0,8.5,0.0
S-4f5eb2,0.0,10.75,0.0
S-4f81c2,0.0,11.0,0.0
S-4f8c90,0.0,12.5,0.0
S-4f91d0,0.0,11.142857142857142,0.0
S-4faeb9,0.0,9.6,0.0
S-4fc5ca,0.0,11.333333333333334,0.0
S-4fc62f,0.0,11.666666666666666,0.0
S-4fd561,0.0,10.777777777777779,0.0
S-4fd9ba,0.0,11.333333333333334,0.0
S-4fe9b6,0.0,10.666666666666666,0.0
S-4ff3ae,0.0,9.5,0.0
S-501046,0.0,8.5,0.0
S-504683,0.0,10.6,0.0
S-504bce,0.0,9.5,0.0
S-505db5,0.0,8.777777777777779,0.0
S-505f35,0.0,11.833333333333334,0.0
S-507731,0.0,8.428571428571429,0.0
S-50815c,0.0,11.333333333333334,0.0
S-509e88,0.0,8.8,0.0
S-509f0d,0.0,9.833333333333334,0.0
S-50a388,0.0,9.5,0.0
S-50aaaa,0.0,11.5,0.0
S-50c6f5,0.0,11.666666666666666,0.0
S-50e517,0.0,10.875,0.0
S-510e07,0.0,11.0,0.0
S-515485,0.0,11.0,0.0
S-51569a,0.0,12.2,0.0
S-51590f,0.0,12.5,0.0
S-51673a,0.0,10.5,0.0
S-5178de,0.0,10.5,0.0
S-518472,0.0,11.0,0.0
S-518ce3,0.0,13.0,0.0
S-51924b,0.0,9.555555555555555,0.0
S-519f1c,0.0,9.166666666666666,0.0
S-51b3ed,0.0,9.666666666666666,0.0
S-51b668,0.0,10.0,0.0
S-51cb35,0.0,11.166666666666666,0.0
S-51d8db,0.0,9.5,0.0
S-51dd23,0.0,8.777777777777779,0.0
S-51dfbc,0.0,7.5,0.0
S-52280f,0.0,8.5,0.0
S-5228d6,0.0,12.6,0.0
S-522a6f,0.0,9.625,0.0
S-522aef,0.0,7.0,0.0
S-523cce,0.0,8.6,0.0
S-525864,0.0,11.75,0.0
S-525d6b,0.0,10.857142857142858,0.0
S-526874,0.0,10.75,0.0
S-526a2c,0.0,10.555555555555555,0.0
S-5272ff,0.0,10.666666666666666,0.0
S-527b39,0.0,9.333333333333334,0.0
S-527d18,0.0,11.333333333333334,0.0
S-5281ee,0.0,10.666666666666666,0.0
S-529f0c,0.0,10.2,0.0
S-52b74f,0.0,9.5,0.0
S-52b9a9,0.0,10.5,0.0
S-52d03a,0.0,8.833333333333334,0.0
S-531970,0.0,8.333333333333334,0.0
S-531e3a,0.0,9.0,0.0
S-532502,0.0,9.8,0.0
S-532e80,0.0,6.5,0.0
S-53361d,0.0,8.88888888888889,0.0
S-534c28,0.0,13.166666666666666,0.0
S-535bd1,0.0,10.4,0.0
S-535e55,0.0,11.0,0.0
S-539566,0.0,8.75,0.0
S-53a9f7,0.0,10.8,0.0
S-53bced,0.0,13.0,0.0
S-53d6be,0.0,8.0,0.0
S-53e028,0.0,8.333333333333334,0.0
S-53f831,0.0,10.25,0.0
S-53fa80,0.0,8.666666666666666,0.0
S-53ff75,0.0,8.8,0.0
S-540cee,0.0,11.285714285714286,0.0
S-541d7a,0.0,9.0,0.0
S-54283b,0.0,11.5,0.0
S-542c37,0.0,12.75,0.0
S-544f34,0.0,12.0,0.0
S-5450af,0.0,8.714285714285714,0.0
S-5480a7,0.0,11.25,0.0
S-5488ba,0.0,11.2,0.0
S-549340,0.0,7.5,0.0
S-549438,0.0,10.4,0.0
S-54ac93,0.0,10.0,0.0
S-54b286,0.0,10.75,0.0
S-54bb4e,0.0,10.5,0.0
S-54d2a3,0.0,7.777777777777778,0.0
S-54d8cf,0.0,10.4,0.0
S-54daa5,0.0,8.857142857142858,0.0
S-54df4c,0.0,11.0,0.0
S-54e8b2,0.0,9.2,0.0
S-551502,0.0,7.5,0.0
S-5521a1,0.0,12.8,0.0
S-552434,0.0,10.25,0.0
S-556071,0.0,11.0,0.0
S-557f3e,0.0,11.25,0.0
S-55834e,0.0,8.4,0.0
S-559e85,0.0,8.142857142857142,0.0
S-55a3e4,0.0,12.666666666666666,0.0
S-55aafd,0.0,12.5,0.0
S-55c61c,0.0,10.4,0.0
S-55d484,0.0,9.25,0.0
S-56122a,0.0,12.5,0.0
S-561850,0.0,10.777777777777779,0.0
S-5619af,0.0,7.666666666666667,0.0
S-561d54,0.0,11.0,0.0
S-561e21,0.0,8.0,0.0
S-5639de,0.0,8.6,0.0
S-565c4b,0.0,8.0,0.0
S-5677fb,0.0,11.0,0.0
S-567afa,0.0,9.875,0.0
S-567f8f,0.0,9.142857142857142,0.0
S-56834c,0.0,9.5,0.0
S-5685bf,0.0,8.6,0.0
S-56886a,0.0,11.75,0.0
S-5698bd,0.0,10.2,0.0
S-56c23b,0.0,10.222222222222221,0.0
S-56c529,0.0,12.0,0.0
S-56cb4f,0.0,10.0,0.0
S-56ed05,0.0,10.375,0.0
S-57019e,0.0,7.857142857142857,0.0
S-5717da,0.0,8.166666666666666,0.0
S-573f93,0.0,10.333333333333334,0.0
S-575bef,0.0,10.857142857142858,0.0
S-576519,0.0,11.2,0.0
S-576aec,0.0,10.0,0.0
S-57800a,0.0,8.666666666666666,0.0
S-5798f3,0.0,11.25,0.0
S-579a24,0.0,11.555555555555555,0.0
S-57bbae,0.0,10.285714285714286,0.0
S-57cd05,0.0,8.0,0.0
S-57e129,0.0,10.4,0.0
S-58239c,0.0,12.285714285714286,0.0
S-583674,0.0,9.6,0.0
S-583ae2,0.0,9.666666666666666,0.0
S-5856ab,0.0,8.0,0.0
S-585c3b,0.0,10.6,0.0
S-585d4c,0.0,11.125,0.0
S-5879cf,0.0,10.5,0.0
S-5895f0,0.0,11.666666666666666,0.0
S-58a152,0.0,8.714285714285714,0.0
S-58a7c0,0.0,8.0,0.0
S-58ab69,0.0,10.333333333333334,0.0
S-58b1a2,0.0,10.0,0.0
S-58b22d,0.0,9.0,0.0
S-58c146,0.0,10.833333333333334,0.0
S-58ccb4,0.0,11.222222222222221,0.0
S-58d17c,0.0,10.375,0.0
S-58d2c8,0.0,12.75,0.0
S-5901a1,0.0,11.0,0.0
S-591a64,0.0,8.666666666666666,0.0
S-595693,0.0,7.4,0.0
S-59778a,0.0,11.0,0.0
S-597873,0.0,11.125,0.0
S-599207,0.0,8.5,0.0
S-59be40,0.0,9.0,0.0
S-59c5d7,0.0,10.0,0.0
S-59c612,0.0,12.333333333333334,0.0
S-59d050,0.0,9.666666666666666,0.0
S-59d90a,0.0,9.833333333333334,0.0
S-59dc4b,0.0,11.166666666666666,0.0
S-59f0a6,0.0,8.428571428571429,0.0
S-59fe1d,0.0,12.666666666666666,0.0
S-5a18e5,0.0,10.333333333333334,0.0
S-5a1d20,0.0,10.142857142857142,0.0
S-5a1fc3,0.0,9.333333333333334,0.0
S-5a26fc,0.0,12.0,0.0
S-5a2a05,0.0,11.25,0.0
S-5a3412,0.0,10.25,0.0
S-5a4fb5,0.0,8.714285714285714,0.0
S-5a500d,0.0,9.833333333333334,0.0
S-5a5338,0.0,8.666666666666666,0.0
S-5a6941,0.0,10.0,0.0
S-5a75eb,0.0,11.0,0.0
S-5a94f7,0.0,8.5,0.0
S-5aa4ba,0.0,9.166666666666666,0.0
S-5aacfa,0.0,9.0,0.0
S-5aaf6f,0.0,9.333333333333334,0.0
S-5ab139,0.0,10.0,0.0
S-5abbac,0.0,12.666666666666666,0.0
S-5ae105,0.0,10.857142857142858,0.0
S-5aea91,0.0,8.0,0.0
S-5aff5f,0.0,8.0,0.0
S-5b4149,0.0,10.6,0.0
S-5b58b1,0.0,11.2,0.0
S-5b699e,0.0,9.5,0.0
S-5b8c4f,0.0,9.666666666666666,0.0
S-5b9267,0.0,10.0,0.0
S-5b9330,0.0,12.5,0.0
S-5b9bb9,0.0,13.0,0.0
S-5bb13f,0.0,13.0,0.0
S-5bb58e,0.0,6.333333333333333,0.0
S-5bbb53,0.0,11.142857142857142,0.0
S-5bbb5b,0.0,9.0,0.0
S-5bbfe3,0.0,10.4,0.0
S-5bc277,0.0,9.714285714285714,0.0
S-5bc71c,0.0,9.75,0.0
S-5bde76,0.0,10.0,0.0
S-5be27b,0.0,9.666666666666666,0.0
S-5bf2e5,0.0,9.833333333333334,0.0
S-5c3f50,0.0,12.142857142857142,0.0
S-5c4ef1,0.0,11.142857142857142,0.0
S-5c8af8,0.0,9.5,0.0
S-5ca11a,0.0,9.428571428571429,0.0
S-5cb8a6,0.0,9.666666666666666,0.0
S-5cce27,0.0,10.4,0.0
S-5cda31,0.0,10.75,0.0
S-5d0af1,0.0,8.7,0.0
S-5d0f41,0.0,8.666666666666666,0.0
S-5d299e,0.0,10.2,0.0
S-5d343c,0.0,10.4,0.0
S-5d434f,0.0,10.0,0.0
S-5d532c,0.0,10.333333333333334,0.0
S-5d5699,0.0,7.666666666666667,0.0
S-5d6528,0.0,10.4,0.0
S-5d68fb,0.0,10.555555555555555,0.0
S-5d729e,0.0,9.8,0.0
S-5d8b88,0.0,8.857142857142858,0.0
S-5da1b8,0.0,6.5,0.0
S-5da6e7,0.0,11.4,0.0
S-5daabf,0.0,10.4,0.0
S-5ddeef,0.0,10.285714285714286,0.0
S-5de79e,0.0,10.833333333333334,0.0
S-5df64f,0.0,9.875,0.0
S-5e0619,0.0,11.333333333333334,0.0
S-5e06b2,0.0,10.666666666666666,0.0
S-5e558a,0.0,8.5,0.0
S-5e572d,0.0,11.666666666666666,0.0
S-5e6790,0.0,13.0,0.0
S-5e6fc2,0.0,9.777777777777779,0.0
S-5e7357,0.0,9.75,0.0
S-5e8d9f,0.0,11.625,0.0
S-5eaab8,0.0,10.333333333333334,0.0
S-5eb846,0.0,11.333333333333334,0.0
S-5ed335,0.0,9.5,0.0
S-5ee117,0.0,11.0,0.0
S-5f1d80,0.0,8.857142857142858,0.0
S-5f30ce,0.0,10.833333333333334,0.0
S-5f3359,0.0,12.666666666666666,0.0
S-5f40a3,0.0,9.75,0.0
S-5f4afc,0.0,10.5,0.0
S-5f5b36,0.0,10.5,0.0
S-5f75b5,0.0,10.428571428571429,0.0
S-5f8ad0,0.0,10.333333333333334,0.0
S-5f9a67,0.0,10.0,0.0
S-5fe191,0.0,8.4,0.0
S-5fe3e5,0.0,9.0,0.0
S-5fea89,0.0,10.25,0.0
S-5ffb84,0.0,9.0,0.0
S-600e05,0.0,7.5,0.0
S-600ea7,0.0,8.7,0.0
S-604bd0,0.0,10.5,0.0
S-605115,0.0,10.0,0.0
S-60ea07,0.0,8.6,0.0
S-6100a4,0.0,10.125,0.0
S-6102fe,0.0,10.8,0.0
S-611bf8,0.0,10.0,0.0
S-6129d4,0.0,9.0,0.0
S-612bfb,0.0,11.777777777777779,0.0
S-615487,0.0,8.8,0.0
S-615537,0.0,8.333333333333334,0.0
S-615915,0.0,8.333333333333334,0.0
S-615a8a,0.0,8.166666666666666,0.0
S-617065,0.0,11.833333333333334,0.0
S-618471,0.0,12.0,0.0
S-61a647,0.0,9.333333333333334,0.0
S-61a87e,0.0,12.0,0.0
S-61afee,0.0,8.0,0.0
S-61bcfb,0.0,11.833333333333334,0.0
S-61c27e,0.0,9.857142857142858,0.0
S-61cc6f,0.0,12.0,0.0
S-61e53d,0.0,10.166666666666666,0.0
S-61e86c,0.0,9.5,0.0
S-61fa27,0.0,10.857142857142858,0.0
S-620b62,0.0,10.833333333333334,0.0
S-624857,0.0,7.666666666666667,0.0
S-62641a,0.0,11.166666666666666,0.0
S-627697,0.0,12.2,0.0
S-627cfa,0.0,7.5,0.0
S-628842,0.0,11.0,0.0
S-628884,0.0,11.5,0.0
S-62a617,0.0,11.0,0.0
S-62a6d7,0.0,10.6,0.0
S-62a710,0.0,9.0,0.0
S-62aa3c,0.0,10.6,0.0
S-62af97,0.0,10.4,0.0
S-62b4fc,0.0,8.0,0.0
S-62b93c,0.0,9.75,0.0
S-62c088,0.0,9.0,0.0
S-62c824,0.0,12.333333333333334,0.0
S-62c98f,0.0,7.0,0.0
S-62fa42,0.0,9.75,0.0
S-62fe77,0.0,10.666666666666666,0.0
S-631547,0.0,10.5,0.0
S-632337,0.0,10.75,0.0
S-632acf,0.0,10.0,0.0
S-635570,0.0,8.75,0.0
S-635c1e,0.0,11.0,0.0
S-63606e,0.0,10.0,0.0
S-63671f,0.0,6.0,0.0
S-637b20,0.0,8.0,0.0
S-639754,0.0,10.2,0.0
S-63c794,0.0,9.333333333333334,0.0
S-63d104,0.0,9.0,0.0
S-63e282,0.0,9.25,0.0
S-63e79e,0.0,9.333333333333334,0.0
S-6403db,0.0,8.0,0.0
S-641794,0.0,12.0,0.0
S-642365,0.0,9.333333333333334,0.0
S-643ccd,0.0,12.0,0.0
S-644316,0.0,9.5,0.0
S-6450ac,0.0,10.8,0.0
S-646813,0.0,13.0,0.0
S-648397,0.0,11.5,0.0
S-6485d5,0.0,10.0,0.0
S-648618,0.0,7.5,0.0
S-648e54,0.0,13.0,0.0
S-64b181,0.0,15.0,0.0
S-64d203,0.0,10.0,0.0
S-64d8c9,0.0,11.5,0.0
S-64dcb7,0.0,11.0,0.0
S-64ddbc,0.0,9.166666666666666,0.0
S-64fba3,0.0,10.0,0.0
S-65071f,0.0,9.333333333333334,0.0
S-650c13,0.0,11.375,0.0
S-652885,0.0,9.2,0.0
S-653165,0.0,10.333333333333334,0.0
S-654529,0.0,6.8,0.0
S-65491f,0.0,12.0,0.0
S-655049,0.0,10.0,0.0
S-656302,0.0,11.25,0.0
S-65731a,0.0,10.2,0.0
S-6587d8,0.0,9.909090909090908,0.0
S-658bcb,0.0,11.25,0.0
S-658f5f,0.0,9.0,0.0
S-65ae02,0.0,9.0,0.0
S-65bb33,0.0,10.0,0.0
S-65c079,0.0,9.166666666666666,0.0
S-65d722,0.0,11.333333333333334,0.0
S-65dbf3,0.0,8.333333333333334,0.0
S-65dd83,0.0,10.166666666666666,0.0
S-65e38d,0.0,12.333333333333334,0.0
S-65e749,0.0,9.333333333333334,0.0
S-6608d9,0.0,10.75,0.0
S-66106d,0.0,9.166666666666666,0.0
S-6630bc,0.0,9.25,0.0
S-66569a,0.0,10.0,0.0
S-665df9,0.0,11.0,0.0
S-666181,0.0,9.0,0.0
S-6676fa,0.0,11.666666666666666,0.0
S-668cdc,0.0,8.0,0.0
S-6696a0,0.0,8.285714285714286,0.0
S-66a625,0.0,11.75,0.0
S-66b994,0.0,11.333333333333334,0.0
S-66ffe0,0.0,8.25,0.0
S-670476,0.0,11.5,0.0
S-6717d6,0.0,10.0,0.0
S-672dd6,0.0,8.666666666666666,0.0
S-672f1b,0.0,9.333333333333334,0.0
S-6732ff,0.0,10.833333333333334,0.0
S-673c51,0.0,7.5,0.0
S-67474a,0.0,9.25,0.0
S-6754a4,0.0,11.4,0.0
S-67595c,0.0,8.666666666666666,0.0
S-676254,0.0,10.5,0.0
S-6762fa,0.0,10.166666666666666,0.0
S-679640,0.0,10.5,0.0
S-679c73,0.0,9.875,0.0
S-67acc8,0.0,9.0,0.0
S-67b7bf,0.0,12.857142857142858,0.0
S-67c131,0.0,10.571428571428571,0.0
S-67c1d8,0.0,12.25,0.0
S-67da25,0.0,12.333333333333334,0.0
S-680dbe,0.0,9.75,0.0
S-682d28,0.0,9.5,0.0
S-683c6b,0.0,12.333333333333334,0.0
S-683e1e,0.0,12.5,0.0
S-68565b,0.0,8.6,0.0
S-688851,0.0,9.428571428571429,0.0
S-6895d0,0.0,11.75,0.0
S-68a558,0.0,11.0,0.0
S-68adfa,0.0,8.6,0.0
S-68b261,0.0,10.8,0.0
S-68dca1,0.0,9.5,0.0
S-68e134,0.0,9.666666666666666,0.0
S-68ecd5,0.0,10.0,0.0
S-6904e6,0.0,9.833333333333334,0.0
S-691bff,0.0,11.0,0.0
S-69362d,0.0,9.0,0.0
S-694277,0.0,10.333333333333334,0.0
S-694aa7,0.0,10.0,0.0
S-695606,0.0,10.333333333333334,0.0
S-6956dc,0.0,11.666666666666666,0.0
S-695c1e,0.0,10.5,0.0
S-697d16,0.0,11.0,0.0
S-69937b,0.0,9.666666666666666,0.0
S-69a2d8,0.0,9.0,0.0
S-69a7ce,0.0,10.285714285714286,0.0
S-69b070,0.0,9.909090909090908,0.0
S-69b3ac,0.0,12.0,0.0
S-69cc68,0.0,9.142857142857142,0.0
S-6a0399,0.0,11.0,0.0
S-6a56f1,0.0,8.0,0.0
S-6a7c79,0.0,10.75,0.0
S-6a8046,0.0,10.4,0.0
S-6a9918,0.0,11.0,0.0
S-6aa20b,0.0,9.0,0.0
S-6aa72f,0.0,10.6,0.0
S-6ab430,0.0,8.333333333333334,0.0
S-6ac338,0.0,10.714285714285714,0.0
S-6ace80,0.0,8.5,0.0
S-6b0789,0.0,8.142857142857142,0.0
S-6b0a2f,0.0,13.0,0.0
S-6b144c,0.0,10.428571428571429,0.0
S-6b1de8,0.0,9.5,0.0
S-6b200f,0.0,10.333333333333334,0.0
S-6b3ac8,0.0,12.0,0.0
S-6b534f,0.0,12.0,0.0
S-6b6cd7,0.0,11.333333333333334,0.0
S-6b9696,0.0,8.0,0.0
S-6ba608,0.0,10.285714285714286,0.0
S-6bab8f,0.0,8.666666666666666,0.0
S-6bd30a,0.0,10.285714285714286,0.0
S-6bd42d,0.0,9.833333333333334,0.0
S-6bdda7,0.0,9.5,0.0
S-6bde88,0.0,9.333333333333334,0.0
S-6bf118,0.0,9.0,0.0
S-6bf7d7,0.0,12.666666666666666,0.0
S-6bfd97,0.0,13.5,0.0
S-6c109f,0.0,9.0,0.0
S-6c1ca5,0.0,12.0,0.0
S-6c1ca6,0.0,10.333333333333334,0.0
S-6c3700,0.0,11.285714285714286,0.0
S-6c625e,0.0,12.0,0.0
S-6c6e62,0.0,10.166666666666666,0.0
S-6c6e91,0.0,15.0,0.0
S-6c7227,0.0,9.0,0.0
S-6c877e,0.0,8.571428571428571,0.0
S-6c969d,0.0,8.333333333333334,0.0
S-6c9763,0.0,11.142857142857142,0.0
S-6c9dc9,0.0,12.5,0.0
S-6c9ec4,0.0,11.8,0.0
S-6c9ee1,0.0,8.0,0.0
S-6ca46a,0.0,9.3,0.0
S-6ca9be,0.0,10.2,0.0
S-6cafdf,0.0,10.555555555555555,0.0
S-6cb3d7,0.0,8.857142857142858,0.0
S-6cb472,0.0,6.333333333333333,0.0
S-6cd38d,0.0,9.5,0.0
S-6ce11a,0.0,7.333333333333333,0.0
S-6ce221,0.0,9.222222222222221,0.0
S-6cea1b,0.0,10.0,0.0
S-6ceec5,0.0,11.0,0.0
S-6cf058,0.0,8.0,0.0
S-6cf72f,0.0,8.666666666666666,0.0
S-6cfb27,0.0,11.571428571428571,0.0
S-6cff51,0.0,9.75,0.0
S-6cff7d,0.0,10.75,0.0
S-6d0817,0.0,8.6,0.0
S-6d10f7,0.0,8.75,0.0
S-6d12c1,0.0,9.333333333333334,0.0
S-6d3477,0.0,10.5,0.0
S-6d356a,0.0,9.0,0.0
S-6d3f0b,0.0,8.5,0.0
S-6d4050,0.0,8.333333333333334,0.0
S-6d507b,0.0,11.5,0.0
S-6d51c5,0.0,11.166666666666666,0.0
S-6d6bde,0.0,11.2,0.0
S-6d9231,0.0,7.333333333333333,0.0
S-6d96c9,0.0,7.8,0.0
S-6d9705,0.0,9.666666666666666,0.0
S-6def60,0.0,9.142857142857142,0.0
S-6dff9e,0.0,9.0,0.0
S-6e0006,0.0,12.0,0.0
S-6e0386,0.0,10.666666666666666,0.0
S-6e0562,0.0,10.0,0.0
S-6e0edc,0.0,12.5,0.0
S-6e4c1a,0.0,8.6,0.0
S-6e5a3d,0.0,11.2,0.0
S-6e780e,0.0,11.0,0.0
S-6e8126,0.0,10.0,0.0
S-6e81f5,0.0,7.333333333333333,0.0
S-6ea0ad,0.0,8.75,0.0
S-6eb56d,0.0,10.2,0.0
S-6ed77d,0.0,11.0,0.0
S-6ee525,0.0,9.625,0.0
S-6ee6c9,0.0,8.333333333333334,0.0
S-6f0169,0.0,11.25,0.0
S-6f0aa3,0.0,10.25,0.0
S-6f1051,0.0,8.0,0.0
S-6f398a,0.0,11.25,0.0
S-6f43f7,0.0,10.0,0.0
S-6f47c5,0.0,9.0,0.0
S-6f488b,0.0,7.666666666666667,0.0
S-6f6fca,0.0,11.0,0.0
S-6f75be,0.0,9.0,0.0
S-6fa3a3,0.0,10.0,0.0
S-6fa5cd,0.0,10.125,0.0
S-6fd24b,0.0,11.5,0.0
S-6fde5e,0.0,10.5,0.0
S-6ff09c,0.0,9.6,0.0
S-700036,0.0,8.142857142857142,0.0
S-7003c5,0.0,13.0,0.0
S-700923,0.0,8.333333333333334,0.0
S-7018bf,0.0,10.0,0.0
S-70275b,0.0,11.0,0.0
S-702fe2,0.0,9.0,0.0
S-703faf,0.0,10.5,0.0
S-704195,0.0,7.75,0.0
S-704b48,0.0,17.0,0.0
S-704cf3,0.0,9.8,0.0
S-7052a5,0.0,12.75,0.0
S-7070de,0.0,9.5,0.0
S-7077ab,0.0,11.090909090909092,0.0
S-7079c2,0.0,10.6,0.0
S-708924,0.0,10.0,0.0
S-708ac6,0.0,10.666666666666666,0.0
S-709484,0.0,10.6,0.0
S-709f67,0.0,9.2,0.0
S-70a554,0.0,10.333333333333334,0.0
S-70a8d6,0.0,7.8,0.0
S-70addb,0.0,12.0,0.0
S-70ae65,0.0,12.0,0.0
S-70af60,0.0,9.6,0.0
S-70b1cf,0.0,8.25,0.0
S-70b537,0.0,9.75,0.0
S-70b655,0.0,10.333333333333334,0.0
S-70c369,0.0,9.333333333333334,0.0
S-70c743,0.0,10.25,0.0
S-70cc83,0.0,10.0,0.0
S-70cf3c,0.0,9.75,0.0
S-70d15d,0.0,9.428571428571429,0.0
S-70e232,0.0,11.75,0.0
S-710a78,0.0,9.666666666666666,0.0
S-711528,0.0,12.0,0.0
S-711820,0.0,9.285714285714286,0.0
S-712e69,0.0,10.666666666666666,0.0
S-712f3a,0.0,10.333333333333334,0.0
S-7134c2,0.0,11.333333333333334,0.0
S-713e06,0.0,10.666666666666666,0.0
S-71466f,0.0,9.0,0.0
S-7151d9,0.0,8.25,0.0
S-715ace,0.0,8.0,0.0
S-7179fd,0.0,11.0,0.0
S-718116,0.0,9.0,0.0
S-71827b,0.0,10.666666666666666,0.0
S-718bf5,0.0,10.8,0.0
S-71c55a,0.0,12.5,0.0
S-71c67c,0.0,10.142857142857142,0.0
S-71cb15,0.0,7.0,0.0
S-71cefe,0.0,9.875,0.0
S-71d31c,0.0,9.5,0.0
S-720940,0.0,11.5,0.0
S-720c17,0.0,12.0,0.0
S-720d62,0.0,9.714285714285714,0.0
S-721fea,0.0,8.0,0.0
S-7252b5,0.0,11.6,0.0
S-7262b9,0.0,9.0,0.0
S-726749,0.0,7.5,0.0
S-7277c8,0.0,12.0,0.0
S-72a3e2,0.0,9.0,0.0
S-72b92f,0.0,10.0,0.0
S-72cf21,0.0,10.666666666666666,0.0
S-72e73f,0.0,10.666666666666666,0.0
S-72fa62,0.0,8.8,0.0
S-731ee3,0.0,11.5,0.0
S-73688c,0.0,9.444444444444445,0.0
S-737994,0.0,9.0,0.0
S-738d4a,0.0,9.25,0.0
S-73a4e4,0.0,9.666666666666666,0.0
S-73cd99,0.0,10.25,0.0
S-742e23,0.0,8.8,0.0
S-7452a4,0.0,9.2,0.0
S-74538d,0.0,8.5,0.0
S-7456c5,0.0,10.666666666666666,0.0
S-746e1b,0.0,10.0,0.0
S-74704b,0.0,8.4,0.0
S-7480e6,0.0,8.8,0.0
S-748318,0.0,10.5,0.0
S-74a274,0.0,9.5,0.0
S-74bda1,0.0,13.0,0.0
S-74be40,0.0,11.777777777777779,0.0
S-74e211,0.0,8.5,0.0
S-74f146,0.0,7.0,0.0
S-752e61,0.0,11.166666666666666,0.0
S-7536e5,0.0,9.25,0.0
S-753a0a,0.0,10.714285714285714,0.0
S-7554c2,0.0,11.3,0.0
S-755502,0.0,13.0,0.0
S-755e1b,0.0,19.0,0.0
S-7564c5,0.0,12.333333333333334,0.0
S-7564e1,0.0,8.0,0.0
S-7576bd,0.0,8.0,0.0
S-75985b,0.0,7.875,0.0
S-75c1b4,0.0,9.4,0.0
S-75c438,0.0,10.833333333333334,0.0
S-75cba6,0.0,10.0,0.0
S-75e469,0.0,8.333333333333334,0.0
S-75fe32,0.0,10.714285714285714,0.0
S-761518,0.0,13.0,0.0
S-761a0f,0.0,11.25,0.0
S-762cae,0.0,9.75,0.0
S-763384,0.0,9.5,0.0
S-763b53,0.0,10.8,0.0
S-763d33,0.0,11.333333333333334,0.0
S-763e52,0.0,12.0,0.0
S-765100,0.0,11.5,0.0
S-765a5f,0.0,12.0,0.0
S-766a62,0.0,8.8,0.0
S-766d8b,0.0,8.0,0.0
S-76767f,0.0,10.833333333333334,0.0
S-767957,0.0,11.25,0.0
S-7679b6,0.0,9.222222222222221,0.0
S-768196,0.0,9.5,0.0
S-7685a3,0.0,12.0,0.0
S-769f70,0.0,9.0,0.0
S-76b06c,0.0,9.166666666666666,0.0
S-76b176,0.0,10.666666666666666,0.0
S-76b43f,0.0,10.5,0.0
S-76b964,0.0,9.8,0.0
S-76bf6c,0.0,10.333333333333334,0.0
S-76c065,0.0,8.0,0.0
S-76c59f,0.0,11.6,0.0
S-76c7da,0.0,11.0,0.0
S-76cdf1,0.0,10.0,0.0
S-76e7d9,0.0,10.0,0.0
S-76eded,0.0,8.0,0.0
S-770018,0.0,12.166666666666666,0.0
S-770f21,0.0,10.833333333333334,0.0
S-771f7b,0.0,9.5,0.0
S-772ef0,0.0,9.9,0.0
S-7730b1,0.0,10.142857142857142,0.0
S-775719,0.0,8.75,0.0
S-775dd1,0.0,9.0,0.0
S-7785af,0.0,10.0,0.0
S-7791c3,0.0,9.4,0.0
S-779baa,0.0,8.5,0.0
S-77ba64,0.0,11.0,0.0
S-77befa,0.0,8.666666666666666,0.0
S-77c22b,0.0,10.75,0.0
S-77c880,0.0,10.6,0.0
S-77f7fd,0.0,8.833333333333334,0.0
S-78172b,0.0,7.5,0.0
S-7820a5,0.0,11.571428571428571,0.0
S-7826c1,0.0,10.25,0.0
S-783131,0.0,9.0,0.0
S-783694,0.0,10.0,0.0
S-78554e,0.0,10.857142857142858,0.0
S-786a36,0.0,10.666666666666666,0.0
S-786ead,0.0,11.5,0.0
S-788739,0.0,9.8,0.0
S-78ba09,0.0,13.5,0.0
S-78cb5f,0.0,9.0,0.0
S-78da0b,0.0,12.0,0.0
S-78e1c6,0.0,9.714285714285714,0.0
S-7904d3,0.0,9.666666666666666,0.0
S-790762,0.0,11.25,0.0
S-79123c,0.0,10.75,0.0
S-791c64,0.0,9.333333333333334,0.0
S-79535e,0.0,10.0,0.0
S-795878,0.0,8.8,0.0
S-798707,0.0,12.5,0.0
S-799da2,0.0,11.25,0.0
S-79a9e1,0.0,7.0,0.0
S-79ab7e,0.0,13.2,0.0
S-79b038,0.0,10.666666666666666,0.0
S-79b2bc,0.0,8.166666666666666,0.0
S-79ba6e,0.0,8.5,0.0
S-79bf38,0.0,9.25,0.0
S-79d1e0,0.0,13.0,0.0
S-79e254,0.0,9.333333333333334,0.0
S-79ef9b,0.0,11.333333333333334,0.0
S-7a2991,0.0,10.2,0.0
S-7a36ee,0.0,10.4,0.0
S-7a55d9,0.0,13.6,0.0
S-7a6697,0.0,8.4,0.0
S-7a9d40,0.0,9.0,0.0
S-7ab956,0.0,8.5,0.0
S-7ac30a,0.0,9.8,0.0
S-7ac9dd,0.0,8.285714285714286,0.0
S-7acd8b,0.0,11.0,0.0
S-7af0d5,0.0,10.5,0.0
S-7b211a,0.0,9.5,0.0
S-7b29d1,0.0,7.833333333333333,0.0
S-7b2efe,0.0,9.25,0.0
S-7b3464,0.0,9.25,0.0
S-7b3fd3,0.0,8.4,0.0
S-7b647e,0.0,9.333333333333334,0.0
S-7b65f4,0.0,10.666666666666666,0.0
S-7b7be8,0.0,10.75,0.0
S-7b7e04,0.0,7.5,0.0
S-7b896c,0.0,11.75,0.0
S-7b9b62,0.0,11.4,0.0
S-7bb339,0.0,9.88888888888889,0.0
S-7bcd95,0.0,9.4,0.0
S-7be036,0.0,11.666666666666666,0.0
S-7be132,0.0,8.0,0.0
S-7bebc1,0.0,8.727272727272727,0.0
S-7bf6d8,0.0,9.0,0.0
S-7c1eb7,0.0,10.75,0.0
S-7c1eb9,0.0,17.0,0.0
S-7c2997,0.0,10.5,0.0
S-7c5f3b,0.0,9.444444444444445,0.0
S-7c633c,0.0,10.333333333333334,0.0
S-7c635b,0.0,9.0,0.0
S-7c727c,0.0,9.0,0.0
S-7cc0ec,0.0,9.6,0.0
S-7ccc38,0.0,9.666666666666666,0.0
S-7cd9fa,0.0,11.666666666666666,0.0
S-7ce677,0.0,11.0,0.0
S-7cf7c6,0.0,9.4,0.0
S-7d0dea,0.0,9.0,0.0
S-7d2c1b,0.0,10.5,0.0
S-7d4240,0.0,8.666666666666666,0.0
S-7d4d45,0.0,9.5,0.0
S-7d55dc,0.0,11.75,0.0
S-7d5bf1,0.0,9.666666666666666,0.0
S-7d651b,0.0,7.666666666666667,0.0
S-7d66fb,0.0,10.571428571428571,0.0
S-7d9605,0.0,10.833333333333334,0.0
S-7da02b,0.0,11.5,0.0
S-7dab19,0.0,9.25,0.0
S-7db513,0.0,9.0,0.0
S-7dd478,0.0,12.0,0.0
S-7de1b7,0.0,9.5,0.0
S-7ded4d,0.0,9.5,0.0
S-7e09c4,0.0,8.166666666666666,0.0
S-7e145e,0.0,7.5,0.0
S-7e1791,0.0,9.4,0.0
S-7e2e5c,0.0,9.285714285714286,0.0
S-7e44b0,0.0,10.0,0.0
S-7e5af5,0.0,11.333333333333334,0.0
S-7e8bd4,0.0,11.0,0.0
S-7ea5d9,0.0,10.0,0.0
S-7eb81c,0.0,8.333333333333334,0.0
S-7f0419,0.0,10.333333333333334,0.0
S-7f04ec,0.0,10.125,0.0
S-7f15a3,0.0,10.0,0.0
S-7f219a,0.0,10.2,0.0
S-7f28f3,0.0,10.0,0.0
S-7f5316,0.0,10.142857142857142,0.0
S-7f5d03,0.0,9.5,0.0
S-7f92bd,0.0,9.5,0.0
S-7f94c2,0.0,11.5,0.0
S-7f9ce5,0.0,9.428571428571429,0.0
S-7fa78f,0.0,13.0,0.0
S-7fb77e,0.0,6.0,0.0
S-7fbc53,0.0,9.2,0.0
S-7fc49b,0.0,10.75,0.0
S-7fca0e,0.0,9.2,0.0
S-7ff88c,0.0,7.571428571428571,0.0
S-80016a,0.0,3.5,0.0
S-8013f6,0.0,8.0,0.0
S-80199e,0.0,12.0,0.0
S-802cc6,0.0,10.25,0.0
S-8048cc,0.0,10.6,0.0
S-804a70,0.0,11.0,0.0
S-804fb3,0.0,9.5,0.0
S-80632f,0.0,9.5,0.0
S-807d87,0.0,9.833333333333334,0.0
S-808efb,0.0,15.0,0.0
S-80a6a6,0.0,8.571428571428571,0.0
S-80af39,0.0,8.714285714285714,0.0
S-80af53,0.0,11.0,0.0
S-80af85,0.0,8.571428571428571,0.0
S-80c01c,0.0,9.666666666666666,0.0
S-80c24c,0.0,11.0,0.0
S-80c291,0.0,9.5,0.0
S-80c296,0.0,7.0,0.0
S-80dc6b,0.0,7.0,0.0
S-80ed6b,0.0,8.2,0.0
S-80f65d,0.0,11.0,0.0
S-80fa36,0.0,9.0,0.0
S-8106d9,0.0,10.0,0.0
S-810a67,0.0,11.333333333333334,0.0
S-810c27,0.0,7.0,0.0
S-812c7c,0.0,11.333333333333334,0.0
S-813cdc,0.0,8.75,0.0
S-814624,0.0,9.5,0.0
S-81510a,0.0,11.4,0.0
S-816354,0.0,10.0,0.0
S-817cf0,0.0,10.0,0.0
S-81a509,0.0,10.2,0.0
S-81b6ee,0.0,10.333333333333334,0.0
S-81caea,0.0,11.166666666666666,0.0
S-81cd46,0.0,8.8,0.0
S-81d174,0.0,7.666666666666667,0.0
S-81d580,0.0,8.6,0.0
S-81e9f1,0.0,12.0,0.0
S-81fc45,0.0,11.0,0.0
S-81fe83,0.0,9.2,0.0
S-820711,0.0,9.428571428571429,0.0
S-82484b,0.0,9.2,0.0
S-826d19,0.0,10.0,0.0
S-827bc4,0.0,10.2,0.0
S-82848e,0.0,9.666666666666666,0.0
S-82989b,0.0,11.666666666666666,0.0
S-82a67a,0.0,9.8,0.0
S-82a7dd,0.0,13.0,0.0
S-82b11e,0.0,9.666666666666666,0.0
S-82be96,0.0,12.0,0.0
S-82db05,0.0,10.75,0.0
S-82eb3e,0.0,10.2,0.0
S-82ffca,0.0,10.0,0.0
S-8317da,0.0,10.571428571428571,0.0
S-8324d4,0.0,11.0,0.0
S-834097,0.0,11.0,0.0
S-834a48,0.0,9.2,0.0
S-838330,0.0,9.7,0.0
S-83a9a4,0.0,8.0,0.0
S-83b2ee,0.0,9.5,0.0
S-83b45d,0.0,10.0,0.0
S-83b708,0.0,11.0,0.0
S-83d49e,0.0,10.6,0.0
S-83dc0a,0.0,8.75,0.0
S-83e7bb,0.0,9.2,0.0
S-83ee41,0.0,7.5,0.0
S-83f2e5,0.0,11.0,0.0
S-842582,0.0,11.0,0.0
S-842638,0.0,8.666666666666666,0.0
S-8426e7,0.0,10.444444444444445,0.0
S-843a53,0.0,7.5,0.0
S-8442d1,0.0,7.666666666666667,0.0
S-8451e7,0.0,8.75,0.0
S-8464b6,0.0,6.0,0.0
S-846d41,0.0,10.25,0.0
S-847173,0.0,8.0,0.0
S-8486d2,0.0,9.333333333333334,0.0
S-84c44b,0.0,11.0,0.0
S-84dd93,0.0,9.333333333333334,0.0
S-84e146,0.0,10.25,0.0
S-84e658,0.0,12.0,0.0
S-85022b,0.0,11.0,0.0
S-851743,0.0,10.5,0.0
S-851bbe,0.0,10.666666666666666,0.0
S-85320b,0.0,9.666666666666666,0.0
S-853f5d,0.0,10.0,0.0
S-856241,0.0,11.4,0.0
S-856627,0.0,9.428571428571429,0.0
S-85796b,0.0,10.857142857142858,0.0
S-859ee0,0.0,12.0,0.0
S-85b7d7,0.0,10.8,0.0
S-85ba19,0.0,12.2,0.0
S-85ddea,0.0,9.0,0.0
S-85de7a,0.0,6.5,0.0
S-85eb8f,0.0,10.777777777777779,0.0
S-85f2ab,0.0,8.25,0.0
S-860bc8,0.0,10.4,0.0
S-862572,0.0,12.5,0.0
S-864157,0.0,11.25,0.0
S-86455a,0.0,10.166666666666666,0.0
S-864b0c,0.0,9.0,0.0
S-86571c,0.0,7.0,0.0
S-865af3,0.0,7.6,0.0
S-8669e4,0.0,8.0,0.0
S-868325,0.0,10.857142857142858,0.0
S-869430,0.0,10.5,0.0
S-869978,0.0,9.857142857142858,0.0
S-869bba,0.0,11.428571428571429,0.0
S-86a4e3,0.0,11.25,0.0
S-86bcda,0.0,9.5,0.0
S-86d360,0.0,10.0,0.0
S-86e226,0.0,10.0,0.0
S-86e45a,0.0,9.75,0.0
S-86ed20,0.0,10.6,0.0
S-8707e7,0.0,7.666666666666667,0.0
S-872bdd,0.0,10.0,0.0
S-8738af,0.0,9.0,0.0
S-873a22,0.0,8.0,0.0
S-875645,0.0,10.0,0.0
S-875cf3,0.0,12.0,0.0
S-876f0b,0.0,9.4,0.0
S-877508,0.0,9.428571428571429,0.0
S-8789b0,0.0,11.6,0.0
S-878fe0,0.0,11.333333333333334,0.0
S-879b43,0.0,11.142857142857142,0.0
S-87d801,0.0,9.2,0.0
S-87db32,0.0,9.5,0.0
S-87e8d3,0.0,12.25,0.0
S-87ebe6,0.0,7.875,0.0
S-882f1d,0.0,11.5,0.0
S-88338a,0.0,9.0,0.0
S-883efd,0.0,9.0,0.0
S-8856af,0.0,8.5,0.0
S-885bd4,0.0,9.0,0.0
S-886184,0.0,11.0,0.0
S-887d48,0.0,9.8,0.0
S-88a47f,0.0,11.25,0.0
S-88bc66,0.0,11.0,0.0
S-88c79e,0.0,9.0,0.0
S-88cb91,0.0,9.75,0.0
S-88cc86,0.0,11.5,0.0
S-88de1c,0.0,10.333333333333334,0.0
S-88f1be,0.0,9.2,0.0
S-890baf,0.0,9.875,0.0
S-891976,0.0,9.833333333333334,0.0
S-891ad9,0.0,10.5,0.0
S-891eb4,0.0,11.285714285714286,0.0
S-8921cb,0.0,11.2,0.0
S-8923b3,0.0,11.444444444444445,0.0
S-8932ce,0.0,11.5,0.0
S-8942cf,0.0,9.5,0.0
S-894692,0.0,11.2,0.0
S-896293,0.0,10.428571428571429,0.0
S-8966c9,0.0,10.0,0.0
S-8985d3,0.0,10.4,0.0
S-899319,0.0,8.0,0.0
S-89a8a2,0.0,8.0,0.0
S-89c03a,0.0,9.2,0.0
S-89c6dc,0.0,9.5,0.0
S-89c7ff,0.0,9.555555555555555,0.0
S-89d7b0,0.0,12.0,0.0
S-89e27e,0.0,11.4,0.0
S-89e98a,0.0,10.333333333333334,0.0
S-8a3abd,0.0,11.75,0.0
S-8a4156,0.0,10.0,0.0
S-8a46fe,0.0,11.0,0.0
S-8a50a0,0.0,8.875,0.0
S-8a6579,0.0,8.75,0.0
S-8a74bb,0.0,10.0,0.0
S-8a7e47,0.0,10.75,0.0
S-8ae804,0.0,9.5,0.0
S-8b00ff,0.0,9.5,0.0
S-8b0498,0.0,8.5,0.0
S-8b0950,0.0,12.333333333333334,0.0
S-8b1c37,0.0,7.666666666666667,0.0
S-8b1fc1,0.0,11.5,0.0
S-8b24a0,0.0,9.666666666666666,0.0
S-8b3331,0.0,9.5,0.0
S-8b349c,0.0,9.6,0.0
S-8b3e35,0.0,11.166666666666666,0.0
S-8b4074,0.0,10.4,0.0
S-8b52b5,0.0,9.444444444444445,0.0
S-8b64df,0.0,12.0,0.0
S-8b9889,0.0,9.285714285714286,0.0
S-8ba96c,0.0,9.25,0.0
S-8ba974,0.0,10.0,0.0
S-8bab7f,0.0,8.166666666666666,0.0
S-8bac4e,0.0,7.666666666666667,0.0
S-8bb388,0.0,9.285714285714286,0.0
S-8bbfcd,0.0,11.444444444444445,0.0
S-8bfab5,0.0,9.4,0.0
S-8c10c1,0.0,12.25,0.0
S-8c118d,0.0,8.428571428571429,0.0
S-8c3cc8,0.0,8.75,0.0
S-8c41e8,0.0,10.75,0.0
S-8c61f4,0.0,11.75,0.0
S-8c767b,0.0,8.75,0.0
S-8c8315,0.0,10.4,0.0
S-8c8905,0.0,8.8,0.0
S-8c9649,0.0,8.714285714285714,0.0
S-8ca516,0.0,8.75,0.0
S-8cad7b,0.0,13.0,0.0
S-8cb02e,0.0,10.4,0.0
S-8cba1c,0.0,9.5,0.0
S-8cc2e2,0.0,12.2,0.0
S-8cd315,0.0,10.166666666666666,0.0
S-8cec59,0.0,10.5,0.0
S-8cf2ef,0.0,8.142857142857142,0.0
S-8cfc1b,0.0,8.8,0.0
S-8d122e,0.0,11.444444444444445,0.0
S-8d2824,0.0,8.666666666666666,0.0
S-8d3495,0.0,10.142857142857142,0.0
S-8d516f,0.0,11.0,0.0
S-8d6cec,0.0,8.25,0.0
S-8d89a8,0.0,9.0,0.0
S-8d8dd0,0.0,12.0,0.0
S-8da449,0.0,10.625,0.0
S-8db104,0.0,9.5,0.0
S-8dd1cf,0.0,11.0,0.0
S-8dd1f6,0.0,5.5,0.0
S-8ddc89,0.0,11.333333333333334,0.0
S-8deb5f,0.0,11.5,0.0
S-8def89,0.0,10.75,0.0
S-8e169f,0.0,8.2,0.0
S-8e45ba,0.0,9.75,0.0
S-8e5be7,0.0,8.0,0.0
S-8e5ceb,0.0,6.8,0.0
S-8e5d9f,0.0,8.5,0.0
S-8e5df4,0.0,16.0,0.0
S-8e5fd4,0.0,8.625,0.0
S-8e602b,0.0,12.25,0.0
S-8e701b,0.0,13.5,0.0
S-8e7d28,0.0,10.0,0.0
S-8e9e9b,0.0,8.428571428571429,0.0
S-8ea942,0.0,9.5,0.0
S-8eab5b,0.0,9.5,0.0
S-8eb955,0.0,10.333333333333334,0.0
S-8ec197,0.0,10.857142857142858,0.0
S-8ececc,0.0,8.333333333333334,0.0
S-8ed780,0.0,9.4,0.0
S-8eff6d,0.0,10.25,0.0
S-8f181e,0.0,10.125,0.0
S-8f2b13,0.0,9.125,0.0
S-8f4f5b,0.0,10.666666666666666,0.0
S-8f7c91,0.0,11.571428571428571,0.0
S-8f8c47,0.0,8.625,0.0
S-8f9410,0.0,11.142857142857142,0.0
S-8fb49f,0.0,11.0,0.0
S-8fcce1,0.0,10.75,0.0
S-8fd22d,0.0,11.25,0.0
S-8fd696,0.0,7.5,0.0
S-8fd98a,0.0,9.714285714285714,0.0
S-8ff318,0.0,11.833333333333334,0.0
S-90229f,0.0,8.666666666666666,0.0
S-9030e0,0.0,10.333333333333334,0.0
S-90432a,0.0,9.25,0.0
S-904784,0.0,10.571428571428571,0.0
S-904886,0.0,9.666666666666666,0.0
S-90525e,0.0,10.0,0.0
S-905752,0.0,8.0,0.0
S-906b0c,0.0,12.0,0.0
S-907e70,0.0,9.4,0.0
S-9093cf,0.0,13.0,0.0
S-909612,0.0,12.285714285714286,0.0
S-909b7f,0.0,7.666666666666667,0.0
S-90a14e,0.0,11.6,0.0
S-90a2c8,0.0,9.88888888888889,0.0
S-90a6c9,0.0,8.0,0.0
S-90d405,0.0,11.0,0.0
S-90dd19,0.0,8.0,0.0
S-90e2d7,0.0,10.2,0.0
S-911b0a,0.0,10.333333333333334,0.0
S-911e27,0.0,12.0,0.0
S-913134,0.0,9.0,0.0
S-91419b,0.0,10.2,0.0
S-9161b0,0.0,7.5,0.0
S-916876,0.0,11.0,0.0
S-916cca,0.0,9.333333333333334,0.0
S-91709b,0.0,12.5,0.0
S-9171f0,0.0,12.333333333333334,0.0
S-918151,0.0,10.375,0.0
S-91ab2e,0.0,10.0,0.0
S-91b63c,0.0,9.666666666666666,0.0
S-91c435,0.0,11.6,0.0
S-91cd9b,0.0,9.625,0.0
S-91da84,0.0,9.0,0.0
S-91e96a,0.0,12.5,0.0
S-91ec54,0.0,10.0,0.0
S-920d64,0.0,10.0,0.0
S-9210e7,0.0,8.5,0.0
S-9211e5,0.0,10.25,0.0
S-921dc3,0.0,10.2,0.0
S-921f19,0.0,8.666666666666666,0.0
S-9220c9,0.0,10.8,0.0
S-9225ac,0.0,11.0,0.0
S-92421b,0.0,11.5,0.0
S-924925,0.0,9.8,0.0
S-925f82,0.0,10.0,0.0
S-927235,0.0,10.5,0.0
S-92795b,0.0,8.4,0.0
S-92a38d,0.0,8.0,0.0
S-92ae0a,0.0,9.8,0.0
S-92b77f,0.0,10.857142857142858,0.0
S-92dbcc,0.0,8.4,0.0
S-92dede,0.0,9.0,0.0
S-92e1fc,0.0,10.5,0.0
S-92e8cb,0.0,9.4,0.0
S-92f228,0.0,7.0,0.0
S-92f4b4,0.0,15.0,0.0
S-92f78a,0.0,9.4,0.0
S-931899,0.0,8.166666666666666,0.0
S-9333c5,0.0,12.5,0.0
S-934bd4,0.0,9.625,0.0
S-934f6d,0.0,9.75,0.0
S-93592e,0.0,8.0,0.0
S-935e79,0.0,12.5,0.0
S-93622a,0.0,11.8,0.0
S-936732,0.0,11.0,0.0
S-936a83,0.0,9.333333333333334,0.0
S-936e80,0.0,11.0,0.0
S-936fa3,0.0,12.0,0.0
S-937207,0.0,7.4,0.0
S-938952,0.0,8.25,0.0
S-938e4e,0.0,9.8,0.0
S-93ab2d,0.0,10.0,0.0
S-93cd57,0.0,9.0,0.0
S-93ce26,0.0,9.5,0.0
S-93dc0e,0.0,10.4,0.0
S-93f835,0.0,11.333333333333334,0.0
S-93fa71,0.0,10.0,0.0
S-93fab3,0.0,10.571428571428571,0.0
S-94009b,0.0,8.0,0.0
S-941e0f,0.0,11.166666666666666,0.0
S-94471b,0.0,10.7,0.0
S-9464f8,0.0,9.2,0.0
S-947b62,0.0,10.2,0.0
S-94aaef,0.0,8.833333333333334,0.0
S-94b283,0.0,10.714285714285714,0.0
S-94c40b,0.0,7.75,0.0
S-94c6a5,0.0,6.666666666666667,0.0
S-94cf13,0.0,8.4,0.0
S-94cfff,0.0,10.6,0.0
S-94d88f,0.0,11.5,0.0
S-94fc5d,0.0,11.375,0.0
S-950c4e,0.0,8.6,0.0
S-951c06,0.0,8.666666666666666,0.0
S-951de6,0.0,9.857142857142858,0.0
S-95a570,0.0,8.333333333333334,0.0
S-95c2e3,0.0,11.571428571428571,0.0
S-95c467,0.0,9.25,0.0
S-95cc5a,0.0,9.75,0.0
S-95cf94,0.0,9.666666666666666,0.0
S-95d15a,0.0,9.3,0.0
S-95d1dd,0.0,6.5,0.0
S-9626f8,0.0,7.0,0.0
S-964542,0.0,10.333333333333334,0.0
S-965b1c,0.0,6.666666666666667,0.0
S-966a44,0.0,10.0,0.0
S-966ce7,0.0,11.0,0.0
S-9686c6,0.0,9.8,0.0
S-969aac,0.0,11.0,0.0
S-969c1d,0.0,10.666666666666666,0.0
S-96a469,0.0,9.8,0.0
S-96b8d5,0.0,8.0,0.0
S-96bb5c,0.0,9.6,0.0
S-96e3e8,0.0,10.25,0.0
S-96e431,0.0,11.0,0.0
S-9714fa,0.0,8.666666666666666,0.0
S-972512,0.0,9.555555555555555,0.0
S-973625,0.0,6.333333333333333,0.0
S-973e8e,0.0,9.428571428571429,0.0
S-9740c1,0.0,11.166666666666666,0.0
S-975ee4,0.0,8.666666666666666,0.0
S-977d49,0.0,8.875,0.0
S-9780e9,0.0,9.0,0.0
S-9781fe,0.0,11.0,0.0
S-979365,0.0,9.0,0.0
S-97a57b,0.0,9.75,0.0
S-97bc99,0.0,8.8,0.0
S-97efb2,0.0,9.666666666666666,0.0
S-97fab7,0.0,10.833333333333334,0.0
S-98126d,0.0,7.0,0.0
S-9828eb,0.0,10.0,0.0
S-982ee2,0.0,8.5,0.0
S-983266,0.0,10.333333333333334,0.0
S-9842bb,0.0,9.4,0.0
S-984423,0.0,10.0,0.0
S-9871f4,0.0,11.0,0.0
S-98845b,0.0,9.444444444444445,0.0
S-98ac99,0.0,9.571428571428571,0.0
S-98dd7d,0.0,10.0,0.0
S-98f176,0.0,8.0,0.0
S-9917a2,0.0,9.8,0.0
S-991d05,0.0,9.166666666666666,0.0
S-991f61,0.0,8.428571428571429,0.0
S-998ec2,0.0,10.714285714285714,0.0
S-99af79,0.0,12.5,0.0
S-99c1c7,0.0,12.333333333333334,0.0
S-99efdc,0.0,13.2,0.0
S-9a08ff,0.0,8.6,0.0
S-9a0b2f,0.0,9.6,0.0
S-9a115f,0.0,8.75,0.0
S-9a1297,0.0,10.142857142857142,0.0
S-9a1e04,0.0,9.666666666666666,0.0
S-9a410c,0.0,7.0,0.0
S-9a41e6,0.0,8.666666666666666,0.0
S-9a44ec,0.0,10.714285714285714,0.0
S-9a4589,0.0,9.8,0.0
S-9a6596,0.0,11.833333333333334,0.0
S-9a6a1b,0.0,8.333333333333334,0.0
S-9a7851,0.0,11.666666666666666,0.0
S-9a85ab,0.0,9.0,0.0
S-9a8646,0.0,10.5,0.0
S-9a8a30,0.0,10.8,0.0
S-9a952b,0.0,11.0,0.0
S-9ac7cb,0.0,8.25,0.0
S-9acc7f,0.0,8.285714285714286,0.0
S-9ae8de,0.0,8.0,0.0
S-9af385,0.0,10.25,0.0
S-9b12da,0.0,12.666666666666666,0.0
S-9b1f0e,0.0,9.0,0.0
S-9b2c95,0.0,10.6,0.0
S-9b623b,0.0,12.714285714285714,0.0
S-9b8167,0.0,9.0,0.0
S-9b8504,0.0,9.9,0.0
S-9b96c2,0.0,9.5,0.0
S-9bb9da,0.0,10.571428571428571,0.0
S-9bc272,0.0,10.375,0.0
S-9bd0ec,0.0,9.0,0.0
S-9be237,0.0,9.5,0.0
S-9bf16e,0.0,9.571428571428571,0.0
S-9c06f8,0.0,8.833333333333334,0.0
S-9c09cb,0.0,7.0,0.0
S-9c0df6,0.0,10.8,0.0
S-9c19fe,0.0,10.6,0.0
S-9c1bcb,0.0,8.571428571428571,0.0
S-9c23e1,0.0,10.5,0.0
S-9c4090,0.0,6.5,0.0
S-9c47f6,0.0,7.25,0.0
S-9c5590,0.0,12.0,0.0
S-9c67ab,0.0,10.5,0.0
S-9c735f,0.0,8.333333333333334,0.0
S-9c85b0,0.0,11.75,0.0
S-9c8d9e,0.0,9.25,0.0
S-9c9700,0.0,11.0,0.0
S-9cb1f7,0.0,10.333333333333334,0.0
S-9cb6a7,0.0,14.0,0.0
S-9cca23,0.0,11.0,0.0
S-9cd745,0.0,8.25,0.0
S-9ce22d,0.0,12.363636363636363,0.0
S-9d36ff,0.0,8.5,0.0
S-9d727d,0.0,11.5,0.0
S-9d78e2,0.0,9.5,0.0
S-9d7c19,0.0,8.666666666666666,0.0
S-9d8ac4,0.0,9.857142857142858,0.0
S-9daaad,0.0,11.857142857142858,0.0
S-9dbe8c,0.0,9.0,0.0
S-9dcef8,0.0,9.333333333333334,0.0
S-9dcfb5,0.0,9.75,0.0
S-9dda85,0.0,12.333333333333334,0.0
S-9de4eb,0.0,9.5,0.0
S-9def16,0.0,11.0,0.0
S-9df4f6,0.0,10.0,0.0
S-9dfce0,0.0,8.285714285714286,0.0
S-9e15d0,0.0,11.5,0.0
S-9e2819,0.0,13.333333333333334,0.0
S-9e2c78,0.0,8.75,0.0
S-9e450b,0.0,8.5,0.0
S-9e5075,0.0,10.166666666666666,0.0
S-9e64bd,0.0,12.0,0.0
S-9e6a18,0.0,7.75,0.0
S-9e6f0c,0.0,9.0,0.0
S-9e7060,0.0,10.333333333333334,0.0
S-9e74ba,0.0,9.714285714285714,0.0
S-9e8b22,0.0,8.25,0.0
S-9e8ce0,0.0,8.666666666666666,0.0
S-9ea111,0.0,9.8,0.0
S-9eb2c5,0.0,11.0,0.0
S-9ed535,0.0,8.4,0.0
S-9eda4d,0.0,9.8,0.0
S-9ee11d,0.0,11.2,0.0
S-9eeb7e,0.0,9.375,0.0
S-9efd1b,0.0,8.5,0.0
S-9f009b,0.0,7.0,0.0
S-9f0371,0.0,9.333333333333334,0.0
S-9f13f8,0.0,11.666666666666666,0.0
S-9f2386,0.0,10.75,0.0
S-9f479f,0.0,10.333333333333334,0.0
S-9f4914,0.0,8.5,0.0
S-9f57f5,0.0,8.666666666666666,0.0
S-9f59fd,0.0,10.4,0.0
S-9f7b07,0.0,14.5,0.0
S-9f7ef0,0.0,11.0,0.0
S-9f8b23,0.0,8.833333333333334,0.0
S-9f9dfe,0.0,15.0,0.0
S-9fa080,0.0,10.555555555555555,0.0
S-9fa49b,0.0,10.125,0.0
S-9fa738,0.0,12.0,0.0
S-9fae95,0.0,10.6,0.0
S-9fbdfb,0.0,10.5,0.0
S-9fbee8,0.0,10.5,0.0
S-9fc31d,0.0,8.0,0.0
S-9fc9f5,0.0,8.5,0.0
S-9ffb31,0.0,9.5,0.0
S-a01486,0.0,12.5,0.0
S-a01aad,0.0,11.5,0.0
S-a01d87,0.0,9.6,0.0
S-a07c46,0.0,9.333333333333334,0.0
S-a09141,0.0,6.833333333333333,0.0
S-a0a358,0.0,10.8,0.0
S-a0a5e3,0.0,11.0,0.0
S-a0abcf,0.0,11.333333333333334,0.0
S-a0af0a,0.0,8.666666666666666,0.0
S-a0ba0c,0.0,9.8,0.0
S-a0c517,0.0,9.285714285714286,0.0
S-a0c741,0.0,12.333333333333334,0.0
S-a0d68d,0.0,9.571428571428571,0.0
S-a0e1dc,0.0,9.444444444444445,0.0
S-a0f3f7,0.0,10.1,0.0
S-a102aa,0.0,9.0,0.0
S-a10469,0.0,9.5,0.0
S-a10eb2,0.0,8.166666666666666,0.0
S-a113a2,0.0,9.375,0.0
S-a14c42,0.0,11.5,0.0
S-a14d4b,0.0,10.0,0.0
S-a14f63,0.0,9.142857142857142,0.0
S-a16038,0.0,10.4,0.0
S-a1676a,0.0,10.0,0.0
S-a175c2,0.0,8.2,0.0
S-a1874c,0.0,9.2,0.0
S-a18ab0,0.0,10.0,0.0
S-a18bb2,0.0,14.5,0.0
S-a19f87,0.0,10.666666666666666,0.0
S-a1cc61,0.0,9.0,0.0
S-a1d3ad,0.0,10.0,0.0
S-a1d67e,0.0,9.666666666666666,0.0
S-a1d6ad,0.0,8.833333333333334,0.0
S-a1e688,0.0,6.5,0.0
S-a22ca2,0.0,9.666666666666666,0.0
S-a245f6,0.0,11.0,0.0
S-a24aa1,0.0,12.571428571428571,0.0
S-a24db6,0.0,11.142857142857142,0.0
S-a25d8b,0.0,8.5,0.0
S-a25ed2,0.0,9.0,0.0
S-a29ba3,0.0,11.2,0.0
S-a2aa70,0.0,7.4,0.0
S-a2afb0,0.0,9.571428571428571,0.0
S-a2b83d,0.0,13.333333333333334,0.0
S-a2cd6a,0.0,10.142857142857142,0.0
S-a2cde5,0.0,10.2,0.0
S-a2d132,0.0,9.285714285714286,0.0
S-a2da20,0.0,5.0,0.0
S-a2e1dd,0.0,10.25,0.0
S-a2f231,0.0,10.75,0.0
S-a2fb62,0.0,9.0,0.0
S-a30f36,0.0,13.0,0.0
S-a3129d,0.0,11.0,0.0
S-a332ba,0.0,12.0,0.0
S-a33656,0.0,9.0,0.0
S-a3455c,0.0,9.8,0.0
S-a346d6,0.0,9.75,0.0
S-a34e37,0.0,9.6,0.0
S-a36281,0.0,9.833333333333334,0.0
S-a37653,0.0,9.75,0.0
S-a3791c,0.0,9.5,0.0
S-a384d2,0.0,10.25,0.0
S-a3927a,0.0,10.75,0.0
S-a3ab14,0.0,10.6,0.0
S-a3cbd4,0.0,9.555555555555555,0.0
S-a3dc1e,0.0,8.4,0.0
S-a3e1e3,0.0,10.0,0.0
S-a405f7,0.0,10.0,0.0
S-a4139f,0.0,8.333333333333334,0.0
S-a4142f,0.0,8.666666666666666,0.0
S-a44d30,0.0,10.4,0.0
S-a44d72,0.0,12.0,0.0
S-a45a12,0.0,10.25,0.0
S-a46dd4,0.0,12.75,0.0
S-a4a6c9,0.0,13.0,0.0
S-a4b1af,0.0,14.0,0.0
S-a4d121,0.0,12.0,0.0
S-a4d69d,0.0,10.444444444444445,0.0
S-a4f26d,0.0,11.5,0.0
S-a4fd17,0.0,6.0,0.0
S-a525b3,0.0,10.666666666666666,0.0
S-a53e06,0.0,10.8,0.0
S-a53eac,0.0,8.0,0.0
S-a54381,0.0,11.571428571428571,0.0
S-a54fb2,0.0,9.5,0.0
S-a554da,0.0,9.142857142857142,0.0
S-a55d16,0.0,12.5,0.0
S-a57b2c,0.0,9.0,0.0
S-a583df,0.0,10.5,0.0
S-a5a40b,0.0,10.88888888888889,0.0
S-a5a9b8,0.0,8.5,0.0
S-a5baf1,0.0,10.4,0.0
S-a5cf6d,0.0,10.4,0.0
S-a5d1e3,0.0,11.4,0.0
S-a5d949,0.0,9.5,0.0
S-a6010b,0.0,13.25,0.0
S-a60299,0.0,12.166666666666666,0.0
S-a603dd,0.0,10.5,0.0
S-a61006,0.0,10.0,0.0
S-a610f6,0.0,10.25,0.0
S-a61485,0.0,9.5,0.0
S-a6285f,0.0,10.833333333333334,0.0
S-a63da6,0.0,11.0,0.0
S-a64940,0.0,9.285714285714286,0.0
S-a67bb7,0.0,10.142857142857142,0.0
S-a6820d,0.0,8.0,0.0
S-a68d25,0.0,9.0,0.0
S-a68f4f,0.0,10.666666666666666,0.0
S-a69559,0.0,10.857142857142858,0.0
S-a69aed,0.0,8.444444444444445,0.0
S-a6f0f1,0.0,9.5,0.0
S-a72188,0.0,8.5,0.0
S-a7360b,0.0,11.75,0.0
S-a74462,0.0,16.5,0.0
S-a7524a,0.0,9.333333333333334,0.0
S-a76521,0.0,12.166666666666666,0.0
S-a7a7c7,0.0,8.0,0.0
S-a7ad50,0.0,10.25,0.0
S-a7cab8,0.0,10.333333333333334,0.0
S-a7ce33,0.0,8.0,0.0
S-a7d34e,0.0,9.0,0.0
S-a7da97,0.0,7.25,0.0
S-a7ea10,0.0,10.666666666666666,0.0
S-a801d1,0.0,7.875,0.0
S-a805a5,0.0,10.6,0.0
S-a81bcd,0.0,10.25,0.0
S-a82441,0.0,11.0,0.0
S-a82473,0.0,11.0,0.0
S-a82639,0.0,13.666666666666666,0.0
S-a82909,0.0,10.166666666666666,0.0
S-a8299c,0.0,8.25,0.0
S-a83bf1,0.0,10.0,0.0
S-a84c82,0.0,8.857142857142858,0.0
S-a84e2b,0.0,11.4,0.0
S-a84e7f,0.0,10.2,0.0
S-a86344,0.0,10.0,0.0
S-a87c2f,0.0,10.0,0.0
S-a88726,0.0,8.0,0.0
S-a88ffd,0.0,7.0,0.0
S-a8a1e8,0.0,4.0,0.0
S-a8ae52,0.0,9.6,0.0
S-a8bed8,0.0,7.0,0.0
S-a8e49e,0.0,12.0,0.0
S-a8f236,0.0,10.0,0.0
S-a900c2,0.0,10.0,0.0
S-a903ad,0.0,11.0,0.0
S-a916c8,0.0,7.666666666666667,0.0
S-a918f3,0.0,11.285714285714286,0.0
S-a91e0c,0.0,8.0,0.0
S-a924c2,0.0,10.666666666666666,0.0
S-a94ec7,0.0,10.0,0.0
S-a959a3,0.0,9.5,0.0
S-a96f6c,0.0,9.833333333333334,0.0
S-a9762e,0.0,11.5,0.0
S-a97ab5,0.0,10.125,0.0
S-a9916f,0.0,8.0,0.0
S-a9952f,0.0,10.333333333333334,0.0
S-a99771,0.0,12.8,0.0
S-a9b8a2,0.0,10.11111111111111,0.0
S-a9bfe0,0.0,7.571428571428571,0.0
S-a9ca9b,0.0,7.0,0.0
S-a9e864,0.0,11.2,0.0
S-a9fb74,0.0,10.666666666666666,0.0
S-aa0c6b,0.0,12.75,0.0
S-aa20eb,0.0,8.333333333333334,0.0
S-aa3a36,0.0,10.25,0.0
S-aa5012,0.0,12.5,0.0
S-aa5f00,0.0,10.75,0.0
S-aa751f,0.0,8.0,0.0
S-aabbf4,0.0,9.571428571428571,0.0
S-aad754,0.0,12.5,0.0
S-aadf83,0.0,8.333333333333334,0.0
S-aaed3e,0.0,9.25,0.0
S-aaf1d0,0.0,8.4,0.0
S-aaf30f,0.0,11.6,0.0
S-aaf847,0.0,10.8,0.0
S-ab06f4,0.0,12.0,0.0
S-ab0f4c,0.0,8.2,0.0
S-ab152e,0.0,9.166666666666666,0.0
S-ab212b,0.0,10.5,0.0
S-ab24c6,0.0,10.4,0.0
S-ab2b5b,0.0,10.0,0.0
S-ab37ae,0.0,10.833333333333334,0.0
S-ab3ad8,0.0,10.571428571428571,0.0
S-ab476e,0.0,11.4,0.0
S-ab7022,0.0,10.857142857142858,0.0
S-ab7a04,0.0,12.5,0.0
S-aba835,0.0,10.857142857142858,0.0
S-abd244,0.0,10.0,0.0
S-abd9be,0.0,6.5,0.0
S-abdeb7,0.0,7.0,0.0
S-abff7d,0.0,8.0,0.0
S-ac1f01,0.0,12.2,0.0
S-ac3a32,0.0,11.25,0.0
S-ac42e8,0.0,10.0,0.0
S-ac462f,0.0,9.0,0.0
S-ac6547,0.0,9.777777777777779,0.0
S-ac6f24,0.0,7.333333333333333,0.0
S-ac8fd3,0.0,8.75,0.0
S-acb7af,0.0,6.0,0.0
S-aced77,0.0,9.25,0.0
S-acf8ce,0.0,10.5,0.0
S-ad1e4a,0.0,10.4,0.0
S-ad26e3,0.0,15.0,0.0
S-ad32a8,0.0,9.5,0.0
S-ad39ef,0.0,9.75,0.0
S-ad3ef7,0.0,12.666666666666666,0.0
S-ad45ea,0.0,10.5,0.0
S-ad8055,0.0,11.9,0.0
S-ad8908,0.0,13.5,0.0
S-ada718,0.0,9.2,0.0
S-ada98e,0.0,9.75,0.0
S-adbb41,0.0,10.9,0.0
S-add03a,0.0,9.5,0.0
S-add36b,0.0,14.0,0.0
S-ade2d5,0.0,10.166666666666666,0.0
S-adf00a,0.0,11.0,0.0
S-ae093b,0.0,7.666666666666667,0.0
S-ae1278,0.0,9.2,0.0
S-ae1882,0.0,10.5,0.0
S-ae20d8,0.0,11.0,0.0
S-ae3270,0.0,11.222222222222221,0.0
S-ae355b,0.0,10.333333333333334,0.0
S-ae4310,0.0,10.285714285714286,0.0
S-ae4bb3,0.0,9.4,0.0
S-ae6295,0.0,8.25,0.0
S-ae7a5d,0.0,11.666666666666666,0.0
S-aea1bf,0.0,10.375,0.0
S-aede24,0.0,11.4,0.0
S-aeec81,0.0,10.75,0.0
S-aef18a,0.0,9.0,0.0
S-af1def,0.0,8.6,0.0
S-af2d97,0.0,9.0,0.0
S-af4059,0.0,9.875,0.0
S-af41f0,0.0,7.0,0.0
S-af430c,0.0,9.6,0.0
S-af4e84,0.0,7.5,0.0
S-af5ec3,0.0,9.714285714285714,0.0
S-af6284,0.0,10.333333333333334,0.0
S-af6536,0.0,8.0,0.0
S-af6f53,0.0,10.666666666666666,0.0
S-af7a2c,0.0,12.0,0.0
S-af8f54,0.0,9.666666666666666,0.0
S-afa2a9,0.0,10.0,0.0
S-afa7a7,0.0,9.0,0.0
S-afc43d,0.0,9.25,0.0
S-afc4cb,0.0,9.833333333333334,0.0
S-afc545,0.0,9.333333333333334,0.0
S-afe3b8,0.0,10.375,0.0
S-afea79,0.0,11.4,0.0
S-aff55c,0.0,10.666666666666666,0.0
S-b037c5,0.0,10.285714285714286,0.0
S-b04174,0.0,9.88888888888889,0.0
S-b046ad,0.0,10.285714285714286,0.0
S-b04b73,0.0,11.0,0.0
S-b07043,0.0,6.25,0.0
S-b099ea,0.0,8.666666666666666,0.0
S-b0af8f,0.0,10.333333333333334,0.0
S-b0e621,0.0,12.5,0.0
S-b0ed51,0.0,10.857142857142858,0.0
S-b10cfa,0.0,8.75,0.0
S-b112eb,0.0,11.666666666666666,0.0
S-b11cdb,0.0,10.0,0.0
S-b147b9,0.0,8.666666666666666,0.0
S-b156cf,0.0,10.333333333333334,0.0
S-b15cde,0.0,9.75,0.0
S-b15faf,0.0,8.0,0.0
S-b17d04,0.0,8.0,0.0
S-b18409,0.0,11.0,0.0
S-b18ae9,0.0,11.5,0.0
S-b18d59,0.0,8.833333333333334,0.0
S-b192d9,0.0,9.166666666666666,0.0
S-b1c57d,0.0,7.333333333333333,0.0
S-b1dce0,0.0,9.0,0.0
S-b1e72a,0.0,8.75,0.0
S-b204c4,0.0,10.4,0.0
S-b21a0b,0.0,9.714285714285714,0.0
S-b22602,0.0,11.0,0.0
S-b23d8d,0.0,10.166666666666666,0.0
S-b23ec5,0.0,12.0,0.0
S-b2409c,0.0,12.75,0.0
S-b262a1,0.0,9.75,0.0
S-b27c2f,0.0,11.88888888888889,0.0
S-b28ec2,0.0,10.0,0.0
S-b29d83,0.0,8.666666666666666,0.0
S-b2b1b9,0.0,9.6,0.0
S-b2c291,0.0,11.5,0.0
S-b2cfac,0.0,10.666666666666666,0.0
S-b2d472,0.0,9.5,0.0
S-b2d7c6,0.0,9.666666666666666,0.0
S-b2f038,0.0,7.5,0.0
S-b2f3f3,0.0,11.5,0.0
S-b3071c,0.0,11.0,0.0
S-b32a70,0.0,9.428571428571429,0.0
S-b33593,0.0,9.0,0.0
S-b35203,0.0,10.0,0.0
S-b35b20,0.0,9.7,0.0
S-b3613a,0.0,12.0,0.0
S-b362a5,0.0,11.0,0.0
S-b36569,0.0,11.5,0.0
S-b37b2a,0.0,9.0,0.0
S-b37d03,0.0,9.6,0.0
S-b39049,0.0,10.6,0.0
S-b3bd43,0.0,9.333333333333334,0.0
S-b3cae6,0.0,11.25,0.0
S-b3f236,0.0,12.428571428571429,0.0
S-b3f2cb,0.0,10.875,0.0
S-b409d1,0.0,12.0,0.0
S-b40b4d,0.0,9.0,0.0
S-b41269,0.0,10.666666666666666,0.0
S-b41494,0.0,12.666666666666666,0.0
S-b4536d,0.0,10.5,0.0
S-b45a10,0.0,10.285714285714286,0.0
S-b45a45,0.0,8.714285714285714,0.0
S-b45bc6,0.0,8.714285714285714,0.0
S-b465a7,0.0,9.0,0.0
S-b479cd,0.0,10.0,0.0
S-b47d75,0.0,10.333333333333334,0.0
S-b4ac47,0.0,10.0,0.0
S-b4b084,0.0,8.285714285714286,0.0
S-b4c914,0.0,10.5,0.0
S-b4cd75,0.0,7.5,0.0
S-b4dd00,0.0,8.6,0.0
S-b5035b,0.0,11.142857142857142,0.0
S-b5165e,0.0,11.0,0.0
S-b520e9,0.0,8.714285714285714,0.0
S-b526e3,0.0,10.0,0.0
S-b5337b,0.0,10.0,0.0
S-b53850,0.0,10.0,0.0
S-b553d7,0.0,8.75,0.0
S-b555de,0.0,11.0,0.0
S-b559da,0.0,8.666666666666666,0.0
S-b56884,0.0,11.0,0.0
S-b57a5e,0.0,11.0,0.0
S-b57dcd,0.0,9.0,0.0
S-b59bff,0.0,13.0,0.0
S-b5a1a0,0.0,11.0,0.0
S-b5b39a,0.0,10.333333333333334,0.0
S-b5b9a5,0.0,8.166666666666666,0.0
S-b5e9e7,0.0,10.75,0.0
S-b60208,0.0,8.8,0.0
S-b608f5,0.0,8.333333333333334,0.0
S-b65ff3,0.0,11.0,0.0
S-b69d76,0.0,9.4,0.0
S-b69fa2,0.0,10.5,0.0
S-b6a35b,0.0,10.5,0.0
S-b6aabe,0.0,11.0,0.0
S-b6ab32,0.0,8.0,0.0
S-b6aefa,0.0,12.5,0.0
S-b6c0a0,0.0,11.333333333333334,0.0
S-b6e15a,0.0,9.5,0.0
S-b6f87e,0.0,11.333333333333334,0.0
S-b70eef,0.0,9.0,0.0
S-b71cfb,0.0,11.5,0.0
S-b7482e,0.0,10.4,0.0
S-b75a31,0.0,13.0,0.0
S-b75eaa,0.0,10.0,0.0
S-b76ba6,0.0,8.6,0.0
S-b76de2,0.0,10.0,0.0
S-b784a1,0.0,10.0,0.0
S-b78829,0.0,9.2,0.0
S-b7c506,0.0,8.0,0.0
S-b7c825,0.0,8.0,0.0
S-b7cbc2,0.0,10.142857142857142,0.0
S-b7d290,0.0,10.285714285714286,0.0
S-b7d291,0.0,9.333333333333334,0.0
S-b7d99d,0.0,12.0,0.0
S-b7deea,0.0,10.5,0.0
S-b7ef4c,0.0,11.0,0.0
S-b7f657,0.0,10.0,0.0
S-b7feb8,0.0,10.0,0.0
S-b805b2,0.0,8.5,0.0
S-b81200,0.0,8.333333333333334,0.0
S-b81c82,0.0,10.0,0.0
S-b81c97,0.0,10.833333333333334,0.0
S-b81ed3,0.0,11.5,0.0
S-b821f4,0.0,9.0,0.0
S-b84175,0.0,12.666666666666666,0.0
S-b859e7,0.0,7.666666666666667,0.0
S-b86304,0.0,9.833333333333334,0.0
S-b89456,0.0,9.0,0.0
S-b8a352,0.0,9.0,0.0
S-b8a3b6,0.0,10.5,0.0
S-b8c3e6,0.0,9.25,0.0
S-b8ca59,0.0,6.5,0.0
S-b8daaa,0.0,8.333333333333334,0.0
S-b8ee76,0.0,8.571428571428571,0.0
S-b8fcc5,0.0,10.166666666666666,0.0
S-b90a53,0.0,8.0,0.0
S-b91501,0.0,11.857142857142858,0.0
S-b93c11,0.0,10.5,0.0
S-b94bce,0.0,10.666666666666666,0.0
S-b95110,0.0,11.0,0.0
S-b95751,0.0,9.0,0.0
S-b95aac,0.0,9.333333333333334,0.0
S-b95b76,0.0,8.4,0.0
S-b96ee3,0.0,9.714285714285714,0.0
S-b998a9,0.0,11.428571428571429,0.0
S-b9bbfd,0.0,10.428571428571429,0.0
S-b9c6ce,0.0,9.2,0.0
S-b9d674,0.0,12.666666666666666,0.0
S-b9ea73,0.0,10.0,0.0
S-b9fc6c,0.0,8.8,0.0
S-b9ff15,0.0,13.25,0.0
S-ba228b,0.0,10.2,0.0
S-ba3fc7,0.0,9.5,0.0
S-ba672b,0.0,15.333333333333334,0.0
S-ba67a5,0.0,12.333333333333334,0.0
S-ba69a4,0.0,9.5,0.0
S-ba7f2a,0.0,9.714285714285714,0.0
S-ba8c46,0.0,10.571428571428571,0.0
S-ba8f61,0.0,11.166666666666666,0.0
S-baba71,0.0,7.5,0.0
S-bae2c4,0.0,8.0,0.0
S-bb1a91,0.0,10.0,0.0
S-bb3c63,0.0,9.666666666666666,0.0
S-bb45bb,0.0,11.25,0.0
S-bb7eef,0.0,9.5,0.0
S-bb82ac,0.0,8.666666666666666,0.0
S-bb8429,0.0,9.333333333333334,0.0
S-bb9299,0.0,12.0,0.0
S-bbc0f7,0.0,9.4,0.0
S-bbcf43,0.0,10.333333333333334,0.0
S-bbd26a,0.0,8.25,0.0
S-bbd8b5,0.0,12.75,0.0
S-bbdf5c,0.0,8.0,0.0
S-bbe998,0.0,9.0,0.0
S-bc0806,0.0,13.0,0.0
S-bc1457,0.0,18.0,0.0
S-bc2ca5,0.0,11.8,0.0
S-bc4da7,0.0,9.666666666666666,0.0
S-bc5908,0.0,11.125,0.0
S-bc66af,0.0,10.714285714285714,0.0
S-bc736c,0.0,11.2,0.0
S-bc7cab,0.0,8.0,0.0
S-bcbe03,0.0,8.0,0.0
S-bd02dd,0.0,9.666666666666666,0.0
S-bd1912,0.0,10.5,0.0
S-bd1ee1,0.0,11.8,0.0
S-bd2ab2,0.0,20.0,0.0
S-bd3e24,0.0,9.75,0.0
S-bd5207,0.0,11.25,0.0
S-bd9394,0.0,11.5,0.0
S-bdc6b7,0.0,9.5,0.0
S-bdd2e4,0.0,10.375,0.0
S-bdd4c5,0.0,12.0,0.0
S-bdd5df,0.0,10.857142857142858,0.0
S-bdf4de,0.0,10.333333333333334,0.0
S-bdf7c2,0.0,8.166666666666666,0.0
S-bdf8bf,0.0,10.5,0.0
S-be05fd,0.0,11.0,0.0
S-be079b,0.0,9.857142857142858,0.0
S-be0fc9,0.0,8.5,0.0
S-be3ff6,0.0,11.0,0.0
S-be509c,0.0,10.0,0.0
S-be53ea,0.0,10.333333333333334,0.0
S-be601b,0.0,11.333333333333334,0.0
S-be655e,0.0,9.857142857142858,0.0
S-be828b,0.0,5.666666666666667,0.0
S-bedd26,0.0,9.666666666666666,0.0
S-bef342,0.0,9.0,0.0
S-befdba,0.0,10.5,0.0
S-befdf1,0.0,9.125,0.0
S-bf304b,0.0,9.0,0.0
S-bf424e,0.0,13.666666666666666,0.0
S-bf43b4,0.0,10.75,0.0
S-bf4ec8,0.0,10.75,0.0
S-bf6d7b,0.0,13.75,0.0
S-bf806d,0.0,7.6,0.0
S-bf893c,0.0,9.0,0.0
S-bf89e6,0.0,11.0,0.0
S-bf9b37,0.0,7.833333333333333,0.0
S-bf9e6d,0.0,9.0,0.0
S-bfc0f8,0.0,11.142857142857142,0.0
S-bfc2c2,0.0,8.75,0.0
S-bfca66,0.0,10.666666666666666,0.0
S-bfd04c,0.0,11.0,0.0
S-bfdb45,0.0,7.0,0.0
S-bfe8ca,0.0,9.6,0.0
S-bff3b5,0.0,9.4,0.0
S-bff4f8,0.0,8.666666666666666,0.0
S-bff540,0.0,10.0,0.0
S-c0127d,0.0,10.2,0.0
S-c01d79,0.0,12.0,0.0
S-c021c2,0.0,9.5,0.0
S-c033fa,0.0,9.714285714285714,0.0
S-c03f87,0.0,9.0,0.0
S-c04755,0.0,11.0,0.0
S-c067fc,0.0,8.4,0.0
S-c069ab,0.0,9.7,0.0
S-c0789c,0.0,12.5,0.0
S-c07ede,0.0,12.0,0.0
S-c0820a,0.0,11.0,0.0
S-c0a7d8,0.0,7.0,0.0
S-c0ca82,0.0,11.166666666666666,0.0
S-c0d979,0.0,8.666666666666666,0.0
S-c1012c,0.0,13.8,0.0
S-c1164e,0.0,5.0,0.0
S-c1316c,0.0,9.2,0.0
S-c13970,0.0,8.833333333333334,0.0
S-c14073,0.0,8.5,0.0
S-c1446e,0.0,10.0,0.0
S-c14566,0.0,9.0,0.0
S-c14b9d,0.0,10.75,0.0
S-c14eeb,0.0,9.6,0.0
S-c14f97,0.0,9.25,0.0
S-c158df,0.0,10.142857142857142,0.0
S-c15f06,0.0,10.0,0.0
S-c15fcc,0.0,9.6,0.0
S-c17a35,0.0,12.0,0.0
S-c18476,0.0,11.5,0.0
S-c192eb,0.0,8.75,0.0
S-c19e74,0.0,8.428571428571429,0.0
S-c1ad26,0.0,6.5,0.0
S-c1c645,0.0,10.857142857142858,0.0
S-c1c6ca,0.0,9.0,0.0
S-c1d6cf,0.0,11.0,0.0
S-c1f160,0.0,8.0,0.0
S-c20518,0.0,10.333333333333334,0.0
S-c2168a,0.0,9.0,0.0
S-c226ae,0.0,12.0,0.0
S-c22c29,0.0,11.0,0.0
S-c24467,0.0,11.0,0.0
S-c249fb,0.0,9.5,0.0
S-c25263,0.0,10.0,0.0
S-c26c22,0.0,9.666666666666666,0.0
S-c27134,0.0,11.0,0.0
S-c27df9,0.0,9.4,0.0
S-c27e9c,0.0,8.5,0.0
S-c284ce,0.0,7.8,0.0
S-c287ef,0.0,9.0,0.0
S-c288ef,0.0,9.0,0.0
S-c29f3a,0.0,10.0,0.0
S-c2a14b,0.0,11.0,0.0
S-c2a6cb,0.0,9.0,0.0
S-c2b60b,0.0,10.4,0.0
S-c2c197,0.0,7.5,0.0
S-c2cc5c,0.0,10.0,0.0
S-c2fd82,0.0,9.75,0.0
S-c318ea,0.0,10.25,0.0
S-c3213f,0.0,10.5,0.0
S-c341e1,0.0,11.5,0.0
S-c3472f,0.0,10.125,0.0
S-c348d2,0.0,10.333333333333334,0.0
S-c3660c,0.0,12.0,0.0
S-c37ee1,0.0,10.166666666666666,0.0
S-c3aa52,0.0,7.75,0.0
S-c3b622,0.0,11.666666666666666,0.0
S-c3c85e,0.0,10.666666666666666,0.0
S-c3d2f9,0.0,8.875,0.0
S-c3d6a2,0.0,13.166666666666666,0.0
S-c3ecd8,0.0,10.75,0.0
S-c419d6,0.0,9.666666666666666,0.0
S-c43200,0.0,10.0,0.0
S-c43a91,0.0,9.75,0.0
S-c45df0,0.0,11.875,0.0
S-c46499,0.0,9.6,0.0
S-c48d0d,0.0,13.25,0.0
S-c4a98e,0.0,8.0,0.0
S-c4c9ce,0.0,9.25,0.0
S-c4cef7,0.0,8.571428571428571,0.0
S-c52d77,0.0,11.25,0.0
S-c53808,0.0,10.5,0.0
S-c555c4,0.0,7.75,0.0
S-c55cbb,0.0,8.666666666666666,0.0
S-c5723e,0.0,14.333333333333334,0.0
S-c57c91,0.0,10.333333333333334,0.0
S-c5835c,0.0,9.5,0.0
S-c58b17,0.0,12.25,0.0
S-c58d66,0.0,14.0,0.0
S-c58ed5,0.0,9.142857142857142,0.0
S-c59502,0.0,9.6,0.0
S-c59d50,0.0,10.6,0.0
S-c5a146,0.0,12.125,0.0
S-c5a75d,0.0,10.1,0.0
S-c5bec0,0.0,8.6,0.0
S-c5cee8,0.0,9.0,0.0
S-c5cfb0,0.0,9.7,0.0
S-c5d797,0.0,11.0,0.0
S-c5e371,0.0,9.75,0.0
S-c5f3d4,0.0,10.857142857142858,0.0
S-c619d6,0.0,6.75,0.0
S-c61dc9,0.0,9.0,0.0
S-c6287d,0.0,10.166666666666666,0.0
S-c62bb7,0.0,8.571428571428571,0.0
S-c64b73,0.0,8.666666666666666,0.0
S-c65456,0.0,9.25,0.0
S-c657b6,0.0,10.285714285714286,0.0
S-c65c8b,0.0,10.5,0.0
S-c67b80,0.0,8.333333333333334,0.0
S-c68e80,0.0,8.833333333333334,0.0
S-c693b6,0.0,9.5,0.0
S-c696fa,0.0,13.166666666666666,0.0
S-c6acda,0.0,9.25,0.0
S-c6c2f6,0.0,10.0,0.0
S-c6d8ce,0.0,8.25,0.0
S-c6dc67,0.0,8.0,0.0
S-c6e62c,0.0,11.4,0.0
S-c6ff41,0.0,7.0,0.0
S-c7190f,0.0,7.4,0.0
S-c7621b,0.0,12.2,0.0
S-c7667c,0.0,10.0,0.0
S-c76699,0.0,10.333333333333334,0.0
S-c77c84,0.0,14.666666666666666,0.0
S-c77f0c,0.0,8.75,0.0
S-c796c1,0.0,9.8,0.0
S-c7a771,0.0,10.0,0.0
S-c7b793,0.0,9.375,0.0
S-c7c366,0.0,10.0,0.0
S-c7e38a,0.0,11.2,0.0
S-c7f2e5,0.0,9.25,0.0
S-c7f564,0.0,10.090909090909092,0.0
S-c80ac4,0.0,7.0,0.0
S-c8292c,0.0,7.5,0.0
S-c83dfd,0.0,10.857142857142858,0.0
S-c844bd,0.0,10.857142857142858,0.0
S-c847dc,0.0,11.4,0.0
S-c84c8d,0.0,8.5,0.0
S-c84ce4,0.0,9.666666666666666,0.0
S-c855b0,0.0,9.571428571428571,0.0
S-c85c63,0.0,11.5,0.0
S-c86cb0,0.0,11.25,0.0
S-c87391,0.0,9.0,0.0
S-c87441,0.0,9.857142857142858,0.0
S-c87692,0.0,10.0,0.0
S-c881bc,0.0,14.0,0.0
S-c8a3f6,0.0,8.857142857142858,0.0
S-c8a4ff,0.0,11.5,0.0
S-c8a983,0.0,12.333333333333334,0.0
S-c8ba3e,0.0,10.5,0.0
S-c8d680,0.0,11.2,0.0
S-c8fa77,0.0,9.333333333333334,0.0
S-c8fd93,0.0,8.75,0.0
S-c8fedf,0.0,12.333333333333334,0.0
S-c913f8,0.0,10.0,0.0
S-c9199e,0.0,11.875,0.0
S-c92099,0.0,8.5,0.0
S-c92850,0.0,12.5,0.0
S-c935b8,0.0,10.11111111111111,0.0
S-c95ecc,0.0,9.0,0.0
S-c96d86,0.0,8.857142857142858,0.0
S-c97604,0.0,11.0,0.0
S-c985c4,0.0,10.0,0.0
S-c98905,0.0,8.333333333333334,0.0
S-c99814,0.0,8.428571428571429,0.0
S-c9b0cc,0.0,8.5,0.0
S-c9b181,0.0,12.0,0.0
S-c9d323,0.0,8.4,0.0
S-c9d475,0.0,8.666666666666666,0.0
S-c9da7a,0.0,13.0,0.0
S-c9e261,0.0,10.4,0.0
S-c9eecb,0.0,9.0,0.0
S-c9f8c1,0.0,9.333333333333334,0.0
S-ca136e,0.0,12.0,0.0
S-ca1c21,0.0,12.0,0.0
S-ca1cb9,0.0,8.5,0.0
S-ca454e,0.0,10.0,0.0
S-ca6962,0.0,9.444444444444445,0.0
S-ca72d9,0.0,11.666666666666666,0.0
S-ca74fe,0.0,13.333333333333334,0.0
S-ca9532,0.0,11.0,0.0
S-ca98c9,0.0,9.5,0.0
S-cac22d,0.0,15.0,0.0
S-caca4f,0.0,8.2,0.0
S-caec41,0.0,7.666666666666667,0.0
S-cafa84,0.0,9.428571428571429,0.0
S-cb100e,0.0,7.0,0.0
S-cb117a,0.0,10.6,0.0
S-cb2ad3,0.0,12.8,0.0
S-cb3a85,0.0,8.8,0.0
S-cb3c72,0.0,8.285714285714286,0.0
S-cb5020,0.0,10.666666666666666,0.0
S-cb54dc,0.0,11.0,0.0
S-cb7ea9,0.0,10.666666666666666,0.0
S-cb853a,0.0,10.4,0.0
S-cb8654,0.0,9.0,0.0
S-cb8a5c,0.0,7.142857142857143,0.0
S-cbe349,0.0,7.833333333333333,0.0
S-cbfd83,0.0,10.0,0.0
S-cc3f3d,0.0,11.0,0.0
S-cc4bf0,0.0,8.666666666666666,0.0
S-cc964d,0.0,12.333333333333334,0.0
S-cc9b9d,0.0,5.666666666666667,0.0
S-ccc0fe,0.0,9.4,0.0
S-ccc10f,0.0,12.0,0.0
S-cccce3,0.0,9.0,0.0
S-ccd045,0.0,10.166666666666666,0.0
S-ccdc31,0.0,10.285714285714286,0.0
S-ccdf41,0.0,10.666666666666666,0.0
S-cce34b,0.0,10.6,0.0
S-cce4fc,0.0,10.2,0.0
S-ccf11b,0.0,10.4,0.0
S-ccf9c8,0.0,10.0,0.0
S-cd13b5,0.0,11.4,0.0
S-cd2085,0.0,9.0,0.0
S-cd3f49,0.0,7.75,0.0
S-cd5968,0.0,9.5,0.0
S-cd74b9,0.0,11.166666666666666,0.0
S-cda242,0.0,13.75,0.0
S-cdc347,0.0,10.2,0.0
S-cdc644,0.0,13.0,0.0
S-cdd00a,0.0,8.2,0.0
S-cdd281,0.0,10.5,0.0
S-cdde2b,0.0,13.0,0.0
S-cde2c6,0.0,11.4,0.0
S-cde950,0.0,11.285714285714286,0.0
S-cdf625,0.0,9.4,0.0
S-cdf835,0.0,9.75,0.0
S-cdfe99,0.0,10.25,0.0
S-ce0d60,0.0,9.428571428571429,0.0
S-ce5636,0.0,9.666666666666666,0.0
S-ce5e0e,0.0,9.666666666666666,0.0
S-ce5fb5,0.0,9.6,0.0
S-ce61e0,0.0,9.0,0.0
S-ce6528,0.0,8.833333333333334,0.0
S-ce695e,0.0,7.6,0.0
S-ce7c30,0.0,8.0,0.0
S-ce887e,0.0,9.25,0.0
S-ce90ba,0.0,8.4,0.0
S-ce932b,0.0,10.857142857142858,0.0
S-cea51e,0.0,8.8,0.0
S-ceaca8,0.0,11.0,0.0
S-ceaff7,0.0,9.11111111111111,0.0
S-cef05a,0.0,9.833333333333334,0.0
S-ceffe9,0.0,8.666666666666666,0.0
S-cf12f4,0.0,12.0,0.0
S-cf30e2,0.0,11.6,0.0
S-cf44af,0.0,9.0,0.0
S-cf55da,0.0,9.571428571428571,0.0
S-cf59a0,0.0,14.0,0.0
S-cf6ec1,0.0,14.333333333333334,0.0
S-cf72c8,0.0,10.5,0.0
S-cfa635,0.0,10.333333333333334,0.0
S-cfaa97,0.0,10.0,0.0
S-cfb108,0.0,9.0,0.0
S-cfb246,0.0,9.0,0.0
S-cfb886,0.0,12.0,0.0
S-cfbb85,0.0,8.8,0.0
S-cfca40,0.0,12.333333333333334,0.0
S-cfcb11,0.0,8.0,0.0
S-cfcd07,0.0,9.285714285714286,0.0
S-cfd4a3,0.0,5.0,0.0
S-cfedb3,0.0,11.6,0.0
S-d01053,0.0,9.2,0.0
S-d02277,0.0,9.142857142857142,0.0
S-d031a4,0.0,12.0,0.0
S-d0429b,0.0,9.0,0.0
S-d07886,0.0,7.75,0.0
S-d07c53,0.0,10.428571428571429,0.0
S-d0913e,0.0,9.5,0.0
S-d09309,0.0,9.0,0.0
S-d0af44,0.0,9.8,0.0
S-d0bab8,0.0,9.0,0.0
S-d0bb87,0.0,10.0,0.0
S-d0c339,0.0,9.857142857142858,0.0
S-d0d19f,0.0,11.5,0.0
S-d0eeb2,0.0,15.0,0.0
S-d0f5fb,0.0,8.428571428571429,0.0
S-d106d4,0.0,8.0,0.0
S-d111f5,0.0,10.125,0.0
S-d11408,0.0,12.0,0.0
S-d114e2,0.0,8.0,0.0
S-d11e9f,0.0,10.0,0.0
S-d1201a,0.0,8.875,0.0
S-d1350e,0.0,15.0,0.0
S-d1527e,0.0,8.0,0.0
S-d19216,0.0,11.166666666666666,0.0
S-d19797,0.0,9.571428571428571,0.0
S-d19da0,0.0,11.0,0.0
S-d1a6c6,0.0,7.0,0.0
S-d1b062,0.0,5.333333333333333,0.0
S-d1c9e3,0.0,13.333333333333334,0.0
S-d1dbf7,0.0,10.0,0.0
S-d1ef4d,0.0,10.333333333333334,0.0
S-d1f12e,0.0,10.0,0.0
S-d1fb2e,0.0,10.7,0.0
S-d20d7c,0.0,10.0,0.0
S-d224a1,0.0,10.2,0.0
S-d22c1d,0.0,7.222222222222222,0.0
S-d232ad,0.0,8.857142857142858,0.0
S-d238c2,0.0,7.333333333333333,0.0
S-d24841,0.0,9.75,0.0
S-d2624d,0.0,7.0,0.0
S-d26bbf,0.0,8.333333333333334,0.0
S-d26ee3,0.0,8.25,0.0
S-d26ff6,0.0,8.8,0.0
S-d27f96,0.0,9.666666666666666,0.0
S-d2932e,0.0,8.666666666666666,0.0
S-d29575,0.0,8.2,0.0
S-d29830,0.0,10.333333333333334,0.0
S-d2a604,0.0,10.333333333333334,0.0
S-d2e00a,0.0,8.4,0.0
S-d2e82c,0.0,11.6,0.0
S-d2fae0,0.0,11.8,0.0
S-d302e2,0.0,8.8,0.0
S-d30d10,0.0,8.5,0.0
S-d316df,0.0,11.0,0.0
S-d322a2,0.0,11.0,0.0
S-d32441,0.0,9.5,0.0
S-d32fbc,0.0,9.6,0.0
S-d33d84,0.0,9.666666666666666,0.0
S-d34b17,0.0,12.333333333333334,0.0
S-d35d49,0.0,11.0,0.0
S-d3613b,0.0,10.833333333333334,0.0
S-d365af,0.0,9.5,0.0
S-d36b9f,0.0,11.5,0.0
S-d396d1,0.0,11.333333333333334,0.0
S-d3bd2f,0.0,12.2,0.0
S-d3d720,0.0,8.333333333333334,0.0
S-d3ecc2,0.0,9.5,0.0
S-d3f138,0.0,9.333333333333334,0.0
S-d407d0,0.0,11.2,0.0
S-d43a40,0.0,8.833333333333334,0.0
S-d43ad9,0.0,11.571428571428571,0.0
S-d44088,0.0,7.333333333333333,0.0
S-d449e1,0.0,10.5,0.0
S-d48577,0.0,8.666666666666666,0.0
S-d49a8f,0.0,9.2,0.0
S-d4a76b,0.0,8.5,0.0
S-d4c0a0,0.0,11.5,0.0
S-d4d459,0.0,9.0,0.0
S-d4e525,0.0,10.0,0.0
S-d4f02f,0.0,7.0,0.0
S-d507da,0.0,11.0,0.0
S-d50d25,0.0,10.0,0.0
S-d50f1d,0.0,9.875,0.0
S-d518e8,0.0,8.5,0.0
S-d53c0a,0.0,8.666666666666666,0.0
S-d55d8a,0.0,9.25,0.0
S-d5605e,0.0,10.222222222222221,0.0
S-d56460,0.0,6.0,0.0
S-d57a67,0.0,11.166666666666666,0.0
S-d5ac8c,0.0,8.75,0.0
S-d5aded,0.0,10.222222222222221,0.0
S-d5bf88,0.0,11.0,0.0
S-d5ce9f,0.0,9.857142857142858,0.0
S-d5d8ef,0.0,8.0,0.0
S-d604ec,0.0,10.666666666666666,0.0
S-d61475,0.0,9.6,0.0
S-d61866,0.0,9.6,0.0
S-d619ad,0.0,8.833333333333334,0.0
S-d62a15,0.0,9.75,0.0
S-d635a2,0.0,9.1,0.0
S-d638c7,0.0,10.0,0.0
S-d64a4e,0.0,10.333333333333334,0.0
S-d65491,0.0,10.5,0.0
S-d660d6,0.0,9.333333333333334,0.0
S-d69e2c,0.0,9.4,0.0
S-d6aefa,0.0,11.0,0.0
S-d6c9dc,0.0,10.714285714285714,0.0
S-d6cffe,0.0,11.571428571428571,0.0
S-d6dc7a,0.0,9.2,0.0
S-d6e421,0.0,11.833333333333334,0.0
S-d6f31b,0.0,10.142857142857142,0.0
S-d6f7cd,0.0,11.666666666666666,0.0
S-d7163c,0.0,9.714285714285714,0.0
S-d71a1f,0.0,6.333333333333333,0.0
S-d71bdd,0.0,12.333333333333334,0.0
S-d735d1,0.0,10.8,0.0
S-d7461b,0.0,11.285714285714286,0.0
S-d74733,0.0,10.0,0.0
S-d747bc,0.0,7.0,0.0
S-d7497b,0.0,10.0,0.0
S-d74a31,0.0,9.8,0.0
S-d75e1f,0.0,10.375,0.0
S-d76bd0,0.0,10.25,0.0
S-d76f8b,0.0,12.666666666666666,0.0
S-d7ae8c,0.0,9.833333333333334,0.0
S-d7c21d,0.0,9.6,0.0
S-d7ccbd,0.0,9.875,0.0
S-d7d398,0.0,10.333333333333334,0.0
S-d7e65d,0.0,8.5,0.0
S-d7ef67,0.0,11.0,0.0
S-d80516,0.0,13.5,0.0
S-d8165b,0.0,8.571428571428571,0.0
S-d82234,0.0,8.25,0.0
S-d83789,0.0,11.666666666666666,0.0
S-d8441d,0.0,8.333333333333334,0.0
S-d85c2f,0.0,8.8,0.0
S-d88b25,0.0,9.0,0.0
S-d88f58,0.0,10.333333333333334,0.0
S-d8a52e,0.0,10.5,0.0
S-d8c527,0.0,10.6,0.0
S-d8c6a0,0.0,10.5,0.0
S-d8f67e,0.0,12.2,0.0
S-d8fa45,0.0,10.25,0.0
S-d90352,0.0,12.0,0.0
S-d90f0a,0.0,10.0,0.0
S-d90f5e,0.0,7.75,0.0
S-d920e7,0.0,7.75,0.0
S-d925e2,0.0,9.833333333333334,0.0
S-d933e7,0.0,9.923076923076923,0.0
S-d93967,0.0,10.666666666666666,0.0
S-d96652,0.0,8.666666666666666,0.0
S-d97185,0.0,11.6,0.0
S-d97c5f,0.0,9.666666666666666,0.0
S-d97fa8,0.0,10.166666666666666,0.0
S-d97ff1,0.0,9.333333333333334,0.0
S-d9821f,0.0,10.5,0.0
S-d98caa,0.0,11.0,0.0
S-d9ad28,0.0,9.0,0.0
S-d9d6ac,0.0,11.285714285714286,0.0
S-d9e0d1,0.0,11.0,0.0
S-d9eb73,0.0,7.333333333333333,0.0
S-d9f518,0.0,11.0,0.0
S-da0a69,0.0,11.625,0.0
S-da0c62,0.0,10.857142857142858,0.0
S-da0fb6,0.0,10.0,0.0
S-da164e,0.0,8.4,0.0
S-da2f0b,0.0,11.75,0.0
S-da4a98,0.0,10.5,0.0
S-da7360,0.0,9.6,0.0
S-da78bb,0.0,8.5,0.0
S-da7f1f,0.0,11.0,0.0
S-da9362,0.0,9.0,0.0
S-da9d5f,0.0,11.142857142857142,0.0
S-da9f05,0.0,9.857142857142858,0.0
S-dab0d5,0.0,10.75,0.0
S-dabcd2,0.0,8.5,0.0
S-dacbda,0.0,9.8,0.0
S-dacc80,0.0,10.777777777777779,0.0
S-dad08c,0.0,10.571428571428571,0.0
S-daf6aa,0.0,11.0,0.0
S-daf6b3,0.0,11.25,0.0
S-dafec3,0.0,8.333333333333334,0.0
S-db0f41,0.0,8.8,0.0
S-db37e1,0.0,8.2,0.0
S-db3856,0.0,13.333333333333334,0.0
S-db47af,0.0,9.2,0.0
S-db4e11,0.0,10.5,0.0
S-db56d2,0.0,10.5,0.0
S-db6454,0.0,8.666666666666666,0.0
S-db7a77,0.0,11.5,0.0
S-db7a97,0.0,10.5,0.0
S-db94ad,0.0,10.6,0.0
S-dbad62,0.0,8.5,0.0
S-dbb8b9,0.0,11.666666666666666,0.0
S-dbc1ca,0.0,8.5,0.0
S-dbc4d5,0.0,11.0,0.0
S-dbceba,0.0,9.875,0.0
S-dbcf87,0.0,8.25,0.0
S-dbd6b9,0.0,11.4,0.0
S-dbde43,0.0,9.6,0.0
S-dbe1b3,0.0,10.666666666666666,0.0
S-dbe2ac,0.0,7.0,0.0
S-dbee03,0.0,9.8,0.0
S-dbf124,0.0,10.0,0.0
S-dc1cf4,0.0,9.88888888888889,0.0
S-dc2418,0.0,8.0,0.0
S-dc28c6,0.0,8.6,0.0
S-dc3bbc,0.0,12.0,0.0
S-dc6a2a,0.0,9.25,0.0
S-dc7143,0.0,11.4,0.0
S-dc77b7,0.0,9.8,0.0
S-dc86fa,0.0,8.333333333333334,0.0
S-dc90ef,0.0,9.5,0.0
S-dc9874,0.0,7.75,0.0
S-dcae52,0.0,7.0,0.0
S-dcbf45,0.0,11.0,0.0
S-dcc084,0.0,9.5,0.0
S-dcc1a5,0.0,11.142857142857142,0.0
S-dccf50,0.0,9.125,0.0
S-dcd084,0.0,10.8,0.0
S-dcde3f,0.0,6.75,0.0
S-dceac6,0.0,11.0,0.0
S-dcf449,0.0,11.0,0.0
S-dd1d46,0.0,10.4,0.0
S-dd220e,0.0,9.538461538461538,0.0
S-dd3b36,0.0,12.0,0.0
S-dd73ac,0.0,7.8,0.0
S-dd85c4,0.0,12.2,0.0
S-dda23d,0.0,13.5,0.0
S-dda681,0.0,5.5,0.0
S-ddb09e,0.0,10.25,0.0
S-ddbad0,0.0,11.333333333333334,0.0
S-ddc51c,0.0,11.1,0.0
S-ddf5ff,0.0,10.2,0.0
S-de059a,0.0,10.75,0.0
S-de3170,0.0,10.75,0.0
S-de3416,0.0,11.181818181818182,0.0
S-de473d,0.0,10.666666666666666,0.0
S-de543d,0.0,10.0,0.0
S-de5d6e,0.0,7.0,0.0
S-de66c3,0.0,13.428571428571429,0.0
S-de6767,0.0,10.166666666666666,0.0
S-de705a,0.0,9.4,0.0
S-de9ce0,0.0,12.0,0.0
S-dea1f5,0.0,13.0,0.0
S-deb65c,0.0,10.0,0.0
S-debbee,0.0,10.75,0.0
S-dec1fb,0.0,10.0,0.0
S-decbf7,0.0,7.0,0.0
S-dee62f,0.0,8.8,0.0
S-df0314,0.0,9.333333333333334,0.0
S-df147d,0.0,9.6,0.0
S-df262a,0.0,11.833333333333334,0.0
S-df2fb8,0.0,11.333333333333334,0.0
S-df3e3d,0.0,10.2,0.0
S-df69fe,0.0,11.666666666666666,0.0
S-df819a,0.0,9.125,0.0
S-df91b0,0.0,11.4,0.0
S-dfad0a,0.0,9.0,0.0
S-dfd629,0.0,8.5,0.0
S-dfe952,0.0,9.6,0.0
S-e002a1,0.0,10.333333333333334,0.0
S-e0179e,0.0,10.555555555555555,0.0
S-e04d93,0.0,10.333333333333334,0.0
S-e052d8,0.0,8.333333333333334,0.0
S-e05562,0.0,12.25,0.0
S-e05ab8,0.0,6.5,0.0
S-e07b30,0.0,9.0,0.0
S-e090ae,0.0,9.857142857142858,0.0
S-e09e04,0.0,10.5,0.0
S-e0a991,0.0,10.333333333333334,0.0
S-e0bfb1,0.0,9.333333333333334,0.0
S-e0cd01,0.0,8.4,0.0
S-e1081c,0.0,9.25,0.0
S-e11518,0.0,10.333333333333334,0.0
S-e11cde,0.0,10.0,0.0
S-e143c9,0.0,10.666666666666666,0.0
S-e1444a,0.0,11.142857142857142,0.0
S-e1820e,0.0,11.0,0.0
S-e195f5,0.0,9.857142857142858,0.0
S-e1d553,0.0,11.5,0.0
S-e1db7e,0.0,9.0,0.0
S-e1dc0b,0.0,9.5,0.0
S-e1de58,0.0,6.0,0.0
S-e1e2bf,0.0,12.0,0.0
S-e1ee60,0.0,13.0,0.0
S-e1fa5b,0.0,9.0,0.0
S-e21910,0.0,10.0,0.0
S-e22519,0.0,10.857142857142858,0.0
S-e23fd8,0.0,10.0,0.0
S-e2500e,0.0,8.0,0.0
S-e25e6e,0.0,9.666666666666666,0.0
S-e260ff,0.0,10.0,0.0
S-e267d1,0.0,11.0,0.0
S-e2793d,0.0,7.5,0.0
S-e2799b,0.0,9.285714285714286,0.0
S-e27e43,0.0,9.8,0.0
S-e2981a,0.0,11.0,0.0
S-e2a10c,0.0,9.5,0.0
S-e2c20a,0.0,9.625,0.0
S-e2d4e9,0.0,10.6,0.0
S-e2fd71,0.0,7.8,0.0
S-e301c9,0.0,11.625,0.0
S-e3165d,0.0,6.25,0.0
S-e31e0c,0.0,12.333333333333334,0.0
S-e3255c,0.0,10.0,0.0
S-e32789,0.0,8.5,0.0
S-e32b16,0.0,10.0,0.0
S-e33883,0.0,9.166666666666666,0.0
S-e338a1,0.0,11.75,0.0
S-e36ccb,0.0,9.333333333333334,0.0
S-e371b7,0.0,10.8,0.0
S-e3903e,0.0,10.666666666666666,0.0
S-e3b379,0.0,9.0,0.0
S-e3c3c8,0.0,7.0,0.0
S-e3dff3,0.0,10.714285714285714,0.0
S-e41457,0.0,7.8,0.0
S-e41941,0.0,7.6,0.0
S-e42331,0.0,10.0,0.0
S-e43d0d,0.0,10.166666666666666,0.0
S-e44044,0.0,10.375,0.0
S-e44831,0.0,10.571428571428571,0.0
S-e48c4d,0.0,9.666666666666666,0.0
S-e4a862,0.0,11.25,0.0
S-e4b79e,0.0,7.0,0.0
S-e4b8fd,0.0,9.5,0.0
S-e4ba87,0.0,8.75,0.0
S-e4ce2c,0.0,11.6,0.0
S-e4df5d,0.0,11.0,0.0
S-e505f2,0.0,10.571428571428571,0.0
S-e50612,0.0,9.5,0.0
S-e50d84,0.0,9.0,0.0
S-e50f43,0.0,12.0,0.0
S-e51242,0.0,12.4,0.0
S-e53224,0.0,14.0,0.0
S-e56037,0.0,9.666666666666666,0.0
S-e561b9,0.0,12.25,0.0
S-e567db,0.0,6.5,0.0
S-e57a7d,0.0,9.714285714285714,0.0
S-e5909f,0.0,10.428571428571429,0.0
S-e5a001,0.0,10.333333333333334,0.0
S-e5ba1c,0.0,10.25,0.0
S-e5bed6,0.0,8.2,0.0
S-e5c35c,0.0,8.75,0.0
S-e5d9a4,0.0,10.0,0.0
S-e5efce,0.0,10.333333333333334,0.0
S-e5fdf9,0.0,8.333333333333334,0.0
S-e6029e,0.0,10.0,0.0
S-e60306,0.0,9.2,0.0
S-e60430,0.0,10.0,0.0
S-e60ba0,0.0,10.0,0.0
S-e62fc9,0.0,9.571428571428571,0.0
S-e63c67,0.0,9.76923076923077,0.0
S-e64c2b,0.0,7.0,0.0
S-e6513c,0.0,10.777777777777779,0.0
S-e6571c,0.0,8.666666666666666,0.0
S-e6678a,0.0,11.75,0.0
S-e66964,0.0,8.285714285714286,0.0
S-e66f1a,0.0,7.0,0.0
S-e6a17a,0.0,10.714285714285714,0.0
S-e6ad38,0.0,10.166666666666666,0.0
S-e6b35a,0.0,10.4,0.0
S-e6b450,0.0,10.0,0.0
S-e6c842,0.0,10.142857142857142,0.0
S-e6ce29,0.0,9.166666666666666,0.0
S-e6cfc1,0.0,9.571428571428571,0.0
S-e6dee4,0.0,9.5,0.0
S-e6e96f,0.0,12.0,0.0
S-e6f639,0.0,9.0,0.0
S-e702a4,0.0,11.2,0.0
S-e71203,0.0,10.8,0.0
S-e715bb,0.0,12.0,0.0
S-e71f4a,0.0,9.5,0.0
S-e72beb,0.0,11.333333333333334,0.0
S-e73303,0.0,9.2,0.0
S-e740b4,0.0,11.8,0.0
S-e7416c,0.0,8.0,0.0
S-e74ca1,0.0,8.0,0.0
S-e753fa,0.0,8.0,0.0
S-e76552,0.0,7.333333333333333,0.0
S-e768c6,0.0,9.0,0.0
S-e768f5,0.0,10.285714285714286,0.0
S-e76e80,0.0,9.714285714285714,0.0
S-e77144,0.0,11.0,0.0
S-e77b1e,0.0,11.333333333333334,0.0
S-e77d56,0.0,6.4,0.0
S-e781ba,0.0,8.75,0.0
S-e78857,0.0,11.571428571428571,0.0
S-e78c09,0.0,12.0,0.0
S-e79dbc,0.0,9.666666666666666,0.0
S-e7a190,0.0,8.5,0.0
S-e7b281,0.0,10.25,0.0
S-e7c172,0.0,11.5,0.0
S-e7cb68,0.0,10.2,0.0
S-e7d026,0.0,9.4,0.0
S-e7de53,0.0,8.333333333333334,0.0
S-e7e013,0.0,9.444444444444445,0.0
S-e7fe6f,0.0,12.333333333333334,0.0
S-e82bdc,0.0,9.0,0.0
S-e83351,0.0,10.0,0.0
S-e8488d,0.0,11.2,0.0
S-e86a94,0.0,8.666666666666666,0.0
S-e874c1,0.0,10.5,0.0
S-e8776c,0.0,8.5,0.0
S-e88276,0.0,9.833333333333334,0.0
S-e89b90,0.0,12.142857142857142,0.0
S-e8a2fa,0.0,11.0,0.0
S-e8d48e,0.0,9.2,0.0
S-e8eb5c,0.0,9.333333333333334,0.0
S-e8f8c0,0.0,6.25,0.0
S-e90e70,0.0,9.0,0.0
S-e92512,0.0,9.25,0.0
S-e9257d,0.0,11.2,0.0
S-e93577,0.0,11.25,0.0
S-e9395e,0.0,11.0,0.0
S-e95f57,0.0,8.0,0.0
S-e964b6,0.0,10.6,0.0
S-e9737c,0.0,10.0,0.0
S-e977e4,0.0,9.666666666666666,0.0
S-e98121,0.0,10.166666666666666,0.0
S-e98296,0.0,11.5,0.0
S-e9a159,0.0,10.5,0.0
S-e9b437,0.0,11.4,0.0
S-e9bcb2,0.0,10.714285714285714,0.0
S-e9dc6e,0.0,7.714285714285714,0.0
S-ea2c98,0.0,9.4,0.0
S-ea389c,0.0,10.5,0.0
S-ea3c2c,0.0,9.714285714285714,0.0
S-ea3d54,0.0,7.166666666666667,0.0
S-ea4844,0.0,9.5,0.0
S-ea5984,0.0,10.5,0.0
S-ea71b5,0.0,10.25,0.0
S-ea8479,0.0,8.6,0.0
S-ea9f08,0.0,10.0,0.0
S-eaac58,0.0,9.0,0.0
S-eabdce,0.0,9.666666666666666,0.0
S-eac553,0.0,7.75,0.0
S-eadebb,0.0,9.4,0.0
S-eae773,0.0,12.0,0.0
S-eae806,0.0,8.5,0.0
S-eaf2e2,0.0,10.375,0.0
S-eafea7,0.0,10.5,0.0
S-eb8b81,0.0,9.5,0.0
S-eb9911,0.0,8.6,0.0
S-ebe172,0.0,8.5,0.0
S-ebfbbe,0.0,10.428571428571429,0.0
S-ec0efa,0.0,11.0,0.0
S-ec242e,0.0,13.0,0.0
S-ec41f7,0.0,10.0,0.0
S-ec58ac,0.0,9.166666666666666,0.0
S-ec690c,0.0,9.142857142857142,0.0
S-ec8b34,0.0,10.0,0.0
S-ecb8d5,0.0,10.0,0.0
S-eccbe0,0.0,11.333333333333334,0.0
S-ece5a5,0.0,10.333333333333334,0.0
S-ecefa1,0.0,10.75,0.0
S-ed1026,0.0,13.5,0.0
S-ed1eb5,0.0,6.333333333333333,0.0
S-ed2593,0.0,10.8,0.0
S-ed2bb5,0.0,10.0,0.0
S-ed32c7,0.0,12.0,0.0
S-ed4475,0.0,9.666666666666666,0.0
S-ed4c45,0.0,13.5,0.0
S-ed4e09,0.0,8.0,0.0
S-ed55d2,0.0,9.625,0.0
S-ed61a2,0.0,8.8,0.0
S-ed76ff,0.0,8.25,0.0
S-ed7a72,0.0,7.6,0.0
S-ed857b,0.0,10.666666666666666,0.0
S-edd29b,0.0,10.0,0.0
S-ede33a,0.0,10.8,0.0
S-ede618,0.0,11.6,0.0
S-edeacd,0.0,8.25,0.0
S-edf4e0,0.0,10.142857142857142,0.0
S-ee2669,0.0,6.8,0.0
S-ee30bb,0.0,10.5,0.0
S-ee3466,0.0,12.0,0.0
S-ee3fa2,0.0,10.333333333333334,0.0
S-ee4c5c,0.0,9.444444444444445,0.0
S-ee53e8,0.0,11.142857142857142,0.0
S-ee5448,0.0,8.2,0.0
S-ee941d,0.0,10.0,0.0
S-ee994a,0.0,9.0,0.0
S-eea4ae,0.0,10.166666666666666,0.0
S-eea643,0.0,10.2,0.0
S-eec041,0.0,8.666666666666666,0.0
S-eec056,0.0,9.555555555555555,0.0
S-eec4d5,0.0,9.0,0.0
S-eed91a,0.0,11.5,0.0
S-eef92e,0.0,11.0,0.0
S-ef2703,0.0,9.0,0.0
S-ef2990,0.0,8.571428571428571,0.0
S-ef398a,0.0,11.428571428571429,0.0
S-ef3aa2,0.0,11.142857142857142,0.0
S-ef4ad8,0.0,11.0,0.0
S-ef7534,0.0,9.857142857142858,0.0
S-ef83b4,0.0,8.0,0.0
S-efcb1e,0.0,9.333333333333334,0.0
S-efdeae,0.0,6.0,0.0
S-efeb9b,0.0,8.0,0.0
S-eff018,0.0,8.625,0.0
S-eff39c,0.0,8.5,0.0
S-f00f7e,0.0,11.333333333333334,0.0
S-f018e9,0.0,10.777777777777779,0.0
S-f020d4,0.0,10.0,0.0
S-f093d0,0.0,8.75,0.0
S-f09511,0.0,10.0,0.0
S-f09b6c,0.0,11.6,0.0
S-f0ad87,0.0,10.2,0.0
S-f0c747,0.0,10.2,0.0
S-f0e08e,0.0,14.0,0.0
S-f0e458,0.0,12.333333333333334,0.0
S-f110db,0.0,9.0,0.0
S-f11653,0.0,8.833333333333334,0.0
S-f12a54,0.0,11.666666666666666,0.0
S-f132ab,0.0,10.6,0.0
S-f16bb2,0.0,8.6,0.0
S-f17152,0.0,10.166666666666666,0.0
S-f180b5,0.0,9.4,0.0
S-f1cc81,0.0,8.8,0.0
S-f1fa8b,0.0,11.333333333333334,0.0
S-f20079,0.0,10.333333333333334,0.0
S-f225d0,0.0,7.666666666666667,0.0
S-f22b7f,0.0,9.0,0.0
S-f243c1,0.0,10.285714285714286,0.0
S-f24690,0.0,8.11111111111111,0.0
S-f2537d,0.0,12.714285714285714,0.0
S-f25e72,0.0,11.5,0.0
S-f26ae0,0.0,8.625,0.0
S-f2710b,0.0,9.2,0.0
S-f27134,0.0,11.571428571428571,0.0
S-f28cde,0.0,8.0,0.0
S-f29976,0.0,13.166666666666666,0.0
S-f2b79f,0.0,9.0,0.0
S-f2ccdd,0.0,9.0,0.0
S-f2d47e,0.0,11.0,0.0
S-f2da7f,0.0,12.166666666666666,0.0
S-f2dd76,0.0,12.5,0.0
S-f2f40c,0.0,5.666666666666667,0.0
S-f30081,0.0,7.0,0.0
S-f30a79,0.0,9.5,0.0
S-f3138f,0.0,10.0,0.0
S-f316d5,0.0,9.0,0.0
S-f32731,0.0,11.571428571428571,0.0
S-f3274c,0.0,15.0,0.0
S-f36088,0.0,12.333333333333334,0.0
S-f366b3,0.0,9.8,0.0
S-f3979e,0.0,10.5,0.0
S-f3c329,0.0,10.0,0.0
S-f3d5d7,0.0,12.333333333333334,0.0
S-f3dd83,0.0,8.0,0.0
S-f3e5f9,0.0,11.6,0.0
S-f3f2bd,0.0,8.5,0.0
S-f3ff07,0.0,9.0,0.0
S-f4019e,0.0,10.0,0.0
S-f40285,0.0,11.0,0.0
S-f4059b,0.0,8.875,0.0
S-f4097a,0.0,8.666666666666666,0.0
S-f409d8,0.0,9.428571428571429,0.0
S-f41a31,0.0,11.0,0.0
S-f429e0,0.0,9.375,0.0
S-f4335b,0.0,11.142857142857142,0.0
S-f4376f,0.0,13.166666666666666,0.0
S-f44c76,0.0,9.6,0.0
S-f45fe3,0.0,11.333333333333334,0.0
S-f482de,0.0,9.5,0.0
S-f497df,0.0,9.0,0.0
S-f49e0b,0.0,11.0,0.0
S-f49f24,0.0,9.714285714285714,0.0
S-f4a3ac,0.0,6.5,0.0
S-f4a4c8,0.0,9.75,0.0
S-f4caa8,0.0,12.2,0.0
S-f4d491,0.0,7.666666666666667,0.0
S-f4dbc7,0.0,11.333333333333334,0.0
S-f4e0a6,0.0,8.75,0.0
S-f4e174,0.0,10.285714285714286,0.0
S-f4e6c0,0.0,8.571428571428571,0.0
S-f50851,0.0,8.428571428571429,0.0
S-f50afe,0.0,13.25,0.0
S-f50b14,0.0,10.5,0.0
S-f52c97,0.0,9.0,0.0
S-f52fd6,0.0,11.0,0.0
S-f53776,0.0,8.6,0.0
S-f55146,0.0,11.0,0.0
S-f553b5,0.0,12.0,0.0
S-f554b0,0.0,11.666666666666666,0.0
S-f57b2b,0.0,8.6,0.0
S-f586ed,0.0,12.0,0.0
S-f5888c,0.0,10.333333333333334,0.0
S-f5bd45,0.0,9.75,0.0
S-f5bef8,0.0,8.25,0.0
S-f5c472,0.0,9.333333333333334,0.0
S-f5c7b2,0.0,7.0,0.0
S-f5ce8e,0.0,12.0,0.0
S-f5d8ce,0.0,9.0,0.0
S-f5df4a,0.0,11.5,0.0
S-f5f01f,0.0,10.5,0.0
S-f5f52a,0.0,12.666666666666666,0.0
S-f5fcc9,0.0,12.0,0.0
S-f60667,0.0,12.666666666666666,0.0
S-f615d2,0.0,10.0,0.0
S-f61f42,0.0,9.0,0.0
S-f62f59,0.0,13.333333333333334,0.0
S-f639fb,0.0,8.25,0.0
S-f64908,0.0,9.5,0.0
S-f65381,0.0,9.5,0.0
S-f66b5d,0.0,8.5,0.0
S-f677d3,0.0,7.0,0.0
S-f690b4,0.0,10.6,0.0
S-f690e0,0.0,10.5,0.0
S-f69fca,0.0,11.4,0.0
S-f6a70a,0.0,10.0,0.0
S-f6b264,0.0,10.3,0.0
S-f6bb38,0.0,8.5,0.0
S-f6ca9e,0.0,10.166666666666666,0.0
S-f6cd70,0.0,9.75,0.0
S-f6e116,0.0,9.333333333333334,0.0
S-f6e14c,0.0,10.75,0.0
S-f6edd4,0.0,8.5,0.0
S-f6f308,0.0,7.5,0.0
S-f6f848,0.0,11.5,0.0
S-f6f97e,0.0,11.0,0.0
S-f703bd,0.0,7.0,0.0
S-f713a1,0.0,9.666666666666666,0.0
S-f71904,0.0,9.0,0.0
S-f71bb0,0.0,12.5,0.0
S-f72b84,0.0,10.166666666666666,0.0
S-f73a84,0.0,10.2,0.0
S-f74ac6,0.0,13.0,0.0
S-f74bdd,0.0,12.666666666666666,0.0
S-f74e00,0.0,8.5,0.0
S-f75ac4,0.0,9.333333333333334,0.0
S-f76252,0.0,9.0,0.0
S-f762a3,0.0,8.285714285714286,0.0
S-f77847,0.0,10.833333333333334,0.0
S-f783b6,0.0,8.5,0.0
S-f78a1a,0.0,10.0,0.0
S-f7a5b9,0.0,11.142857142857142,0.0
S-f7b0e0,0.0,11.75,0.0
S-f7b2fc,0.0,10.75,0.0
S-f7b517,0.0,9.166666666666666,0.0
S-f7cde3,0.0,8.0,0.0
S-f7e37f,0.0,12.0,0.0
S-f7ef84,0.0,11.5,0.0
S-f7f6d7,0.0,11.0,0.0
S-f7fa56,0.0,10.8,0.0
S-f7fccd,0.0,9.75,0.0
S-f8008a,0.0,14.5,0.0
S-f80617,0.0,11.0,0.0
S-f83811,0.0,9.0,0.0
S-f84a6f,0.0,12.0,0.0
S-f869a0,0.0,10.0,0.0
S-f86bcf,0.0,10.25,0.0
S-f874e5,0.0,11.333333333333334,0.0
S-f8a794,0.0,11.5,0.0
S-f8bff8,0.0,8.666666666666666,0.0
S-f8d0a2,0.0,11.0,0.0
S-f8e091,0.0,11.0,0.0
S-f8e69c,0.0,8.75,0.0
S-f8ee6e,0.0,10.4,0.0
S-f9092a,0.0,9.5,0.0
S-f93185,0.0,9.5,0.0
S-f932c0,0.0,10.25,0.0
S-f9469c,0.0,10.0,0.0
S-f94b9b,0.0,8.5,0.0
S-f951ac,0.0,11.333333333333334,0.0
S-f95951,0.0,9.0,0.0
S-f965de,0.0,10.5,0.0
S-f967c2,0.0,9.4,0.0
S-f973d4,0.0,12.333333333333334,0.0
S-f97537,0.0,9.333333333333334,0.0
S-f97609,0.0,9.857142857142858,0.0
S-f981fe,0.0,7.75,0.0
S-f99f9e,0.0,8.5,0.0
S-f9a56a,0.0,9.857142857142858,0.0
S-f9b284,0.0,9.0,0.0
S-f9b4d8,0.0,9.0,0.0
S-f9bd62,0.0,11.25,0.0
S-f9c661,0.0,11.6,0.0
S-f9cb2b,0.0,10.75,0.0
S-f9d635,0.0,8.5,0.0
S-f9e5e9,0.0,8.4,0.0
S-f9f7af,0.0,11.666666666666666,0.0
S-fa03a5,0.0,8.333333333333334,0.0
S-fa05d7,0.0,10.25,0.0
S-fa2170,0.0,10.0,0.0
S-fa5301,0.0,13.333333333333334,0.0
S-fa781b,0.0,10.333333333333334,0.0
S-fa8c75,0.0,13.333333333333334,0.0
S-fa9b43,0.0,9.6,0.0
S-faa8ec,0.0,8.4,0.0
S-fade3d,0.0,10.25,0.0
S-fae195,0.0,9.428571428571429,0.0
S-fae334,0.0,11.666666666666666,0.0
S-faee8b,0.0,11.0,0.0
S-faf395,0.0,11.25,0.0
S-fb0905,0.0,12.5,0.0
S-fb10b8,0.0,8.0,0.0
S-fb285f,0.0,10.0,0.0
S-fb4fae,0.0,10.6,0.0
S-fb6734,0.0,9.25,0.0
S-fb95f2,0.0,10.5,0.0
S-fb9972,0.0,10.777777777777779,0.0
S-fbc35d,0.0,12.0,0.0
S-fbd522,0.0,12.25,0.0
S-fc01ba,0.0,11.8,0.0
S-fc1114,0.0,11.166666666666666,0.0
S-fc155b,0.0,12.0,0.0
S-fc2742,0.0,11.8,0.0
S-fc2bf2,0.0,10.25,0.0
S-fc3dcb,0.0,11.333333333333334,0.0
S-fc44ed,0.0,11.5,0.0
S-fc4ac6,0.0,8.25,0.0
S-fc65aa,0.0,8.571428571428571,0.0
S-fc6cb4,0.0,9.5,0.0
S-fc7e8e,0.0,9.2,0.0
S-fc8463,0.0,9.4,0.0
S-fc86d6,0.0,10.0,0.0
S-fcab86,0.0,11.6,0.0
S-fcb954,0.0,8.375,0.0
S-fcbe5a,0.0,14.0,0.0
S-fccc09,0.0,9.857142857142858,0.0
S-fcd231,0.0,7.333333333333333,0.0
S-fced99,0.0,10.0,0.0
S-fcfb31,0.0,8.5,0.0
S-fd04d6,0.0,9.625,0.0
S-fd0d21,0.0,11.666666666666666,0.0
S-fd12a3,0.0,10.0,0.0
S-fd2307,0.0,9.5,0.0
S-fd3d2d,0.0,9.0,0.0
S-fd648e,0.0,5.0,0.0
S-fd790e,0.0,9.0,0.0
S-fd8bb6,0.0,11.25,0.0
S-fdc127,0.0,11.5,0.0
S-fdc415,0.0,15.0,0.0
S-fe0869,0.0,11.0,0.0
S-fe0c52,0.0,8.4,0.0
S-fe2139,0.0,10.0,0.0
S-fe25ff,0.0,8.4,0.0
S-fe3b71,0.0,10.4,0.0
S-fe6311,0.0,9.5,0.0
S-fe6eb1,0.0,8.857142857142858,0.0
S-fe753c,0.0,6.5,0.0
S-fe77d4,0.0,10.1,0.0
S-feaca1,0.0,10.0,0.0
S-feb4b0,0.0,8.5,0.0
S-feba2a,0.0,11.666666666666666,0.0
S-febd10,0.0,11.333333333333334,0.0
S-fec1cd,0.0,9.666666666666666,0.0
S-feccd8,0.0,7.5,0.0
S-fee60b,0.0,11.166666666666666,0.0
S-fee7b2,0.0,10.428571428571429,0.0
S-fee9c9,0.0,9.333333333333334,0.0
S-feea3a,0.0,11.0,0.0
S-fef85a,0.0,9.857142857142858,0.0
S-ff109c,0.0,12.0,0.0
S-ff23a7,0.0,12.5,0.0
S-ff2510,0.0,9.5,0.0
S-ff2761,0.0,8.5,0.0
S-ff4611,0.0,7.5,0.0
S-ff4a47,0.0,11.6,0.0
S-ff4e21,0.0,9.833333333333334,0.0
S-ff582b,0.0,12.25,0.0
S-ff5ff8,0.0,11.4,0.0
S-ff681f,0.0,11.666666666666666,0.0
S-ff78bf,0.0,8.857142857142858,0.0
S-ff79f7,0.0,9.8,0.0
S-ff93b5,0.0,9.0,0.0
S-ff9bde,0.0,8.0,0.0
S-ffce65,0.0,12.75,0.0
S-ffd1ee,0.0,11.857142857142858,0.0
S-ffd591,0.0,5.5,0.0
S-ffe125,0.0,11.142857142857142,0.0
